1,Flexidy,vobington0@wufoo.com,Male,E4-FD-79-94-62-94,20 Hudson Way,223-408-1240
2,Bigtax,ayellowlea1@tripod.com,Male,F9-56-8B-C9-BA-4B,2 Quincy Park,177-744-0131
3,Konklux,aabbate2@businessinsider.com,Female,A3-D8-E9-7F-8B-BE,5480 Sachs Street,763-270-3468
4,Fixflex,dshailer3@hubpages.com,Male,14-37-BB-DE-49-63,907 Huxley Lane,601-307-7748
5,Ronstring,mleat4@google.com.br,Female,2C-56-53-3B-A1-2E,690 Burning Wood Parkway,933-619-1905
6,Bitchip,dtoulson5@hibu.com,Female,25-65-01-58-D0-40,54 Rusk Avenue,234-794-3478
7,Flexidy,dsoper6@ustream.tv,Female,9B-DA-69-37-2A-E7,27 Loeprich Crossing,174-648-2510
8,Tres-Zap,ppeacocke7@people.com.cn,Female,E9-90-03-BB-E0-91,0 Stone Corner Road,767-295-2731
9,Transcof,alanfranchi8@archive.org,Female,F6-94-A0-2C-EA-B7,697 Valley Edge Crossing,584-520-5648
10,Solarbreeze,rbaigent9@reuters.com,Male,01-BE-76-2C-D4-AC,459 Manitowish Road,164-149-6400
11,Zamit,daylwina@reddit.com,Female,C1-2C-9A-88-A0-DF,5 Darwin Terrace,929-403-4328
12,Asoka,cjeppensenb@gravatar.com,Male,6B-FA-EB-52-BE-CF,8 Farwell Road,401-644-5024
13,Cookley,fellesc@simplemachines.org,Male,96-2B-B7-3E-26-BC,31 Buell Circle,773-568-8029
14,Voyatouch,mlilled@ftc.gov,Female,D9-D2-77-39-5E-3B,9008 Maywood Circle,930-777-4500
15,Regrant,kkermotte@bigcartel.com,Female,E1-92-A7-0A-5F-10,7 Elgar Drive,984-178-8803
16,Zoolab,mspranklingf@joomla.org,Female,13-F6-3A-01-18-86,88372 Kim Terrace,262-292-3381
17,Lotstring,cclauseng@cdbaby.com,Male,F4-0E-33-C8-BF-76,8649 New Castle Place,960-465-4706
18,Quo Lux,mspareyh@fda.gov,Male,40-5D-90-69-14-BB,3426 Canary Point,278-144-2036
19,Kanlam,emenghii@apple.com,Male,C0-3C-2E-A5-A1-3F,4 Elgar Trail,312-315-3455
20,Zamit,hgosnallj@about.me,Male,AF-5F-E9-18-2B-76,39 Walton Park,897-624-2523
21,Sub-Ex,wairthk@nsw.gov.au,Male,11-FB-15-33-93-70,7 Hagan Crossing,548-196-3400
22,Bitwolf,ioneall@usnews.com,Male,EA-36-92-52-F2-4E,0 Glendale Park,131-222-2286
23,Subin,ubedenm@blogs.com,Female,A7-27-BE-C5-C4-90,58362 Fallview Road,730-413-7199
24,Quo Lux,tmactaguen@unicef.org,Female,EC-0F-5A-67-CD-3D,90771 Thierer Junction,601-513-2123
25,Ronstring,pneenano@stanford.edu,Male,0A-1B-6A-10-49-32,5 Stone Corner Way,382-562-6532
26,Tres-Zap,frheaumep@cmu.edu,Male,79-77-53-35-86-42,724 Lillian Center,376-410-1111
27,Zoolab,tpownallq@flavors.me,Male,9C-08-C2-20-C3-C6,12844 New Castle Lane,517-150-6876
28,Cardguard,bmagrannellr@goodreads.com,Male,D6-A9-4D-3F-95-80,95718 Gina Place,212-455-1861
29,Flowdesk,twestmorelands@dagondesign.com,Male,43-D5-4E-8C-E7-A2,840 Hudson Court,861-797-1920
30,Kanlam,rsheldraket@boston.com,Male,64-20-9B-A7-42-87,5525 Kinsman Trail,305-744-7787
31,Matsoft,lmathivonu@europa.eu,Male,BD-C1-0E-2C-C0-34,655 Shoshone Road,168-317-3814
32,Asoka,melcomv@apple.com,Female,5D-9E-61-1C-64-34,2 Monterey Crossing,932-568-4449
33,Lotlux,sbonessw@youku.com,Male,36-D0-64-48-BE-C3,77 Dunning Plaza,331-691-6714
34,Daltfresh,hdelmontex@adobe.com,Female,59-A7-F8-FA-1F-3A,887 Butterfield Place,601-701-8336
35,Kanlam,ccostelowy@w3.org,Female,19-EC-C1-D6-B5-BE,5 Dahle Way,138-262-2803
36,Tampflex,bubsdellz@ft.com,Male,29-AB-50-94-B0-1D,155 Thompson Road,292-115-8298
37,Viva,gskeech10@apple.com,Male,99-FD-60-03-B9-AD,2 Ruskin Court,700-100-8551
38,Pannier,slincke11@ustream.tv,Male,C7-27-F6-C0-6E-53,293 Stone Corner Terrace,182-193-8892
39,Hatity,espittles12@alexa.com,Female,AC-08-18-73-EC-EF,2766 Barnett Way,939-309-5918
40,Treeflex,lworswick13@zimbio.com,Male,21-6F-8A-A0-57-EB,4 Eliot Way,839-134-6691
41,Keylex,cmeaden14@homestead.com,Female,97-6A-DF-C4-2E-5E,32847 Tennyson Terrace,631-254-1853
42,Temp,wmerrywether15@sfgate.com,Female,52-FC-31-B7-FD-8C,59 Talisman Terrace,448-808-3327
43,Bigtax,bbradder16@a8.net,Female,42-D9-26-9C-FC-79,76204 Pankratz Terrace,407-123-7921
44,Toughjoyfax,rtessyman17@wikipedia.org,Male,1F-80-3A-C1-BD-F2,4 Algoma Alley,674-977-3251
45,Fix San,mgavozzi18@prnewswire.com,Male,95-5E-D9-51-04-49,911 Fair Oaks Circle,878-438-5588
46,Zoolab,gpretty19@google.fr,Male,CD-4F-47-3D-F0-AE,814 Hoepker Drive,684-443-2364
47,Rank,kbooeln1a@europa.eu,Female,23-BC-C8-45-B5-43,41031 Bartillon Avenue,908-706-4738
48,Quo Lux,tboyce1b@bbc.co.uk,Male,59-E9-96-C9-9A-0B,740 Bunker Hill Terrace,308-211-8679
49,Quo Lux,eswait1c@jalbum.net,Female,41-AF-22-44-68-20,9 Anniversary Circle,834-740-8512
50,Viva,rjopke1d@foxnews.com,Female,3E-A5-40-55-EE-02,284 Springview Avenue,358-269-0797
51,Fix San,wbosenworth1e@bigcartel.com,Female,55-10-33-78-79-9B,55654 Jana Place,192-260-1192
52,Ventosanzap,bsodor1f@dailymotion.com,Male,59-06-4A-35-5E-2D,86195 Bobwhite Street,388-211-6799
53,Solarbreeze,jaylmore1g@symantec.com,Male,A5-DD-09-EB-9C-4F,279 Ruskin Pass,834-658-9504
54,Tresom,nebertz1h@usa.gov,Male,20-D8-F4-4B-17-2F,6 Spohn Crossing,151-493-6162
55,Biodex,dhebble1i@blogs.com,Male,95-8D-9A-0B-69-F9,82 Iowa Junction,738-833-0648
56,Quo Lux,wminger1j@creativecommons.org,Male,31-CE-20-80-68-72,915 Anderson Street,573-418-9215
57,Namfix,npetry1k@wikipedia.org,Female,A6-62-A4-DF-16-6A,12123 Bayside Lane,271-963-3672
58,Voyatouch,ikuna1l@msu.edu,Female,6A-67-C6-90-13-BC,13 Graedel Road,480-358-2931
59,Sonsing,kpatillo1m@squidoo.com,Male,D9-46-33-F2-64-BA,5615 Ridge Oak Point,748-559-9723
60,Y-Solowarm,ncosley1n@lycos.com,Female,43-01-6A-55-96-D8,95 Talisman Street,500-385-0694
61,Opela,cpendered1o@utexas.edu,Male,4A-C1-A1-7E-52-EF,3099 Elka Avenue,451-469-1820
62,Ventosanzap,sjarrell1p@cam.ac.uk,Male,2C-08-A9-51-02-30,0643 Vernon Road,754-582-5483
63,Job,munion1q@issuu.com,Female,D8-BB-BB-55-D3-8B,1557 Morning Road,902-329-4895
64,Y-Solowarm,mmccorkindale1r@timesonline.co.uk,Male,AC-5F-2A-77-A2-8E,7 Prairieview Center,875-899-2076
65,Flowdesk,gguitel1s@cyberchimps.com,Male,00-26-D8-96-23-0C,725 Hallows Lane,290-272-9990
66,Lotlux,vharbour1t@washington.edu,Female,70-8C-82-21-68-D2,78479 Knutson Street,732-689-3795
67,Biodex,lburress1u@blinklist.com,Female,EF-B7-A3-03-33-DC,056 Hanson Circle,105-629-6956
68,Pannier,jcops1v@slideshare.net,Male,F0-D2-36-0D-53-C8,6 Northport Street,730-514-0158
69,Alphazap,tmaruska1w@soundcloud.com,Male,DA-49-A7-80-39-A3,5348 Atwood Place,813-953-2557
70,Prodder,yrehme1x@amazonaws.com,Female,8A-B8-8A-4C-4C-FC,8 Pankratz Street,590-218-5433
71,Fintone,pashingden1y@dell.com,Male,B4-87-38-26-F6-2E,7921 Oxford Place,540-140-4898
72,Asoka,cwollers1z@gov.uk,Female,40-25-60-4F-F6-59,3876 Anhalt Plaza,498-988-2666
73,Sub-Ex,gstirrup20@xing.com,Male,CA-76-D9-69-78-61,001 Lukken Center,407-657-5209
74,Tin,lpiel21@ucsd.edu,Female,DE-CB-1E-0A-76-53,85 Corben Center,697-784-3436
75,Temp,caluard22@princeton.edu,Male,43-57-30-13-4E-99,769 Crescent Oaks Park,585-871-3943
76,Fixflex,rvinter23@delicious.com,Female,94-C5-23-89-00-F1,01 School Circle,168-812-0123
77,Lotlux,cenrietto24@yandex.ru,Male,DB-E6-77-53-EA-B1,4 Nevada Lane,708-193-1182
78,Solarbreeze,fwickenden25@statcounter.com,Female,CE-91-4F-7E-89-90,1009 Swallow Way,904-561-9675
79,Bigtax,nglassborow26@exblog.jp,Female,F9-D9-5F-B2-01-9F,99285 Russell Drive,625-328-8966
80,Fixflex,wteliga27@toplist.cz,Female,CE-48-3D-FE-64-A7,8 Twin Pines Alley,703-910-9176
81,Cardify,vcrinion28@smugmug.com,Male,D3-A8-BE-E6-B4-E6,07 Debra Way,879-294-9239
82,Ventosanzap,hbragger29@unc.edu,Male,1E-41-6C-9E-01-1C,66 Waubesa Point,556-123-6071
83,Tempsoft,lmacdowall2a@furl.net,Female,EB-C1-E7-EB-0F-64,77124 Old Gate Way,503-517-4642
84,Pannier,mcrosio2b@arstechnica.com,Male,B1-23-34-FA-43-8C,30283 Sycamore Terrace,390-658-9405
85,Trippledex,hchyuerton2c@wisc.edu,Male,24-37-B5-20-C5-7F,28628 Golf Course Drive,256-698-1639
86,It,aiacobo2d@cam.ac.uk,Female,EC-CA-6B-B9-D5-8A,6 Susan Street,101-638-8830
87,Voltsillam,sserfati2e@cbslocal.com,Female,46-C0-4C-C6-40-0F,460 Hazelcrest Terrace,713-477-5070
88,Cardify,eruthven2f@mit.edu,Male,30-05-8E-A7-E6-7D,4326 Hauk Way,737-911-5392
89,Ronstring,ljanoch2g@blogspot.com,Female,7F-36-5A-5C-3C-3C,30 Oxford Lane,750-887-4414
90,Duobam,gewin2h@cloudflare.com,Female,BB-9A-34-0F-55-9D,2 Old Shore Way,816-350-4980
91,Kanlam,cterbrugge2i@earthlink.net,Male,C9-53-C4-3E-E8-0B,1 Kenwood Avenue,505-181-5587
92,Konklux,rlicquorish2j@nifty.com,Male,3E-EC-D7-73-9F-59,24 Atwood Parkway,911-647-6917
93,Job,trijkeseis2k@ucoz.com,Female,9D-0C-A2-39-A3-F8,4 Dorton Point,771-281-4743
94,Tin,dwalak2l@pinterest.com,Male,DF-DA-EF-B8-D5-A7,11 Crownhardt Parkway,611-710-9163
95,Daltfresh,kdaglish2m@noaa.gov,Male,95-A9-87-1A-44-F5,43283 Barby Circle,564-511-9984
96,Toughjoyfax,cmicallef2n@cargocollective.com,Female,78-6E-23-34-66-98,9043 Hazelcrest Trail,762-817-6191
97,Bamity,lpaddick2o@nymag.com,Female,25-E4-B8-C9-D5-2E,26643 Haas Plaza,888-228-6223
98,Duobam,worsay2p@apache.org,Male,A9-83-81-0F-A2-CF,65697 Packers Center,323-905-7828
99,Andalax,ntregunna2q@altervista.org,Female,08-20-3E-EE-9B-64,140 Sheridan Street,312-877-5368
100,Domainer,lcowdroy2r@twitpic.com,Male,B7-2B-26-58-67-DD,301 Erie Lane,780-166-9919
101,Lotlux,smcilwraith2s@edublogs.org,Female,7A-65-3B-3C-62-5C,6717 La Follette Circle,950-768-5633
102,Wrapsafe,glansly2t@youtu.be,Female,A2-11-4C-EB-FB-AF,1733 Knutson Point,753-429-3774
103,Temp,rterbruggen2u@pagesperso-orange.fr,Male,47-65-2C-91-ED-FD,4 Carioca Pass,165-121-0583
104,Matsoft,bsainteau2v@amazon.de,Female,46-5E-91-0C-39-E3,459 Riverside Court,636-973-7656
105,Lotstring,rmctrustie2w@com.com,Male,21-14-8B-17-74-76,8 Dahle Pass,964-677-3781
106,Y-Solowarm,nkolakowski2x@gizmodo.com,Male,B3-18-2F-FC-4D-9D,45 Steensland Crossing,956-687-0235
107,Tres-Zap,lmaddox2y@wunderground.com,Male,EE-2F-57-65-DB-23,2952 Kim Street,248-649-0437
108,Flexidy,candreasson2z@zdnet.com,Male,81-07-E1-77-1A-96,94884 Forest Run Junction,259-767-2021
109,Kanlam,eradband30@zdnet.com,Female,2F-7D-C3-D1-65-0D,912 Bobwhite Alley,625-990-1763
110,Aerified,lfalkinder31@bloglovin.com,Female,29-06-64-E1-C0-07,18536 Anthes Circle,976-372-6433
111,Latlux,mpiborn32@seesaa.net,Male,42-FF-F7-19-A2-51,618 Scott Point,199-157-8954
112,Home Ing,grickerd33@usgs.gov,Female,AD-B9-A0-98-1C-14,21068 Burning Wood Junction,761-266-8742
113,Stronghold,fadger34@cbsnews.com,Male,74-40-19-33-92-03,30 Independence Lane,638-941-8846
114,Home Ing,hgoldman35@adobe.com,Male,5B-73-16-77-45-D4,12866 Summer Ridge Crossing,527-790-3033
115,Cardify,mattard36@google.ca,Male,36-09-A9-43-B6-77,933 Stone Corner Circle,810-564-4985
116,Tresom,ttomes37@amazonaws.com,Male,CC-5E-86-4B-9C-78,15108 Westridge Avenue,600-910-5343
117,Vagram,spoltun38@a8.net,Female,1F-D8-3A-DD-DC-75,107 Kensington Point,776-179-0732
118,Fixflex,jblaycock39@soup.io,Male,39-33-AE-E0-1C-97,834 Muir Park,712-969-6278
119,Cardify,bgout3a@wufoo.com,Female,D4-AF-F1-E6-6F-A0,5 Dexter Pass,414-763-0427
120,Pannier,goverlow3b@ted.com,Female,4B-97-D1-7F-F8-1E,394 Fremont Center,186-325-1275
121,Zamit,ibayman3c@twitpic.com,Male,61-A4-75-31-9E-52,08 Canary Place,109-750-0701
122,Alphazap,raymeric3d@cloudflare.com,Female,39-A1-AB-7C-8C-A0,6 Kingsford Hill,480-284-7613
123,Voyatouch,jornils3e@pen.io,Male,EC-91-84-B7-01-A8,6 Atwood Park,338-948-5458
124,Vagram,ppettus3f@craigslist.org,Male,73-24-76-66-0C-D0,81 Cordelia Street,865-450-7701
125,Ventosanzap,mvanleeuwen3g@state.tx.us,Male,7F-F5-D0-91-41-4E,2109 Dorton Alley,288-160-2861
126,Zaam-Dox,jzollner3h@sun.com,Male,D3-6E-7F-60-75-06,39652 Bayside Parkway,865-487-5569
127,Gembucket,charback3i@parallels.com,Male,CB-BF-FE-9E-B3-EC,8997 Petterle Way,987-422-3865
128,Fixflex,lcornilleau3j@un.org,Male,00-9C-3A-38-B4-95,0 Cody Drive,430-866-9960
129,Bitwolf,jheugel3k@so-net.ne.jp,Female,9C-F0-FA-61-7D-90,9873 Waubesa Place,102-474-8868
130,Tresom,cvandriel3l@arizona.edu,Male,F3-15-A1-93-7A-39,6488 Graedel Circle,407-286-7409
131,Greenlam,eleades3m@freewebs.com,Female,4F-71-A2-3B-DC-16,4721 Kim Street,592-702-5438
132,Zamit,iarstall3n@rakuten.co.jp,Male,94-46-6A-43-F9-E5,3 Washington Avenue,852-654-6826
133,Veribet,roertzen3o@house.gov,Female,14-67-7A-10-C0-92,5820 Golf Plaza,871-865-3369
134,Overhold,tperett3p@berkeley.edu,Male,6D-37-B3-EE-FE-B8,9 Bartillon Avenue,608-217-7588
135,Y-Solowarm,ztreble3q@macromedia.com,Female,F0-AE-F8-30-A1-81,4 Fulton Plaza,471-205-4635
136,Matsoft,ipaszak3r@noaa.gov,Male,DB-10-F3-CA-5F-87,937 Pawling Plaza,927-804-3054
137,Overhold,dbacchus3s@state.gov,Female,86-D9-3E-A8-5B-32,08 Johnson Way,347-145-3258
138,Konklux,rscipsey3t@japanpost.jp,Female,3C-E0-8F-B5-B5-FF,80898 Harper Park,821-218-7687
139,Solarbreeze,cguinn3u@mapy.cz,Female,23-57-3A-EF-D4-04,7 Oneill Court,267-119-5990
140,Y-Solowarm,mkenson3v@statcounter.com,Female,0B-43-05-90-A2-0E,806 Hagan Circle,662-108-2278
141,Otcom,vchoupin3w@usgs.gov,Female,E7-62-B4-0D-81-64,0 Bonner Road,471-498-1524
142,Namfix,aedgerley3x@google.com.br,Female,14-CE-C6-26-FB-BC,5 Buell Drive,520-118-8470
143,Domainer,rtimny3y@1und1.de,Female,FA-4A-73-03-DE-83,2175 Tennessee Trail,365-629-0298
144,Sub-Ex,tmimmack3z@yale.edu,Male,3B-7D-1E-B1-2F-3F,288 Waubesa Street,534-755-8895
145,Sub-Ex,ccornelisse40@usnews.com,Male,C7-41-35-5D-4D-21,2208 Sundown Crossing,830-412-2967
146,It,lbaltrushaitis41@pinterest.com,Female,D5-C0-7B-22-77-48,3 Novick Drive,684-283-5178
147,Ronstring,ededney42@flavors.me,Female,FF-7D-66-66-27-C9,94 Cody Pass,598-862-0789
148,Daltfresh,jalbinson43@google.com.au,Male,FE-A2-7D-2B-CD-19,619 Warrior Plaza,178-815-6448
149,Tempsoft,kgreensides44@goo.ne.jp,Female,D5-A2-13-FE-6A-3F,3067 Fordem Pass,292-483-2971
150,Tempsoft,cship45@unc.edu,Male,87-17-98-C8-24-A4,87 Kensington Street,148-254-8417
151,Pannier,scrowest46@webmd.com,Male,D8-8F-C6-69-C9-AC,65896 Carioca Drive,469-582-4414
152,Fix San,cheak47@bravesites.com,Male,BC-D3-10-49-63-70,3 Del Sol Court,266-937-8288
153,Daltfresh,chagland48@deviantart.com,Male,65-C3-AF-C2-F1-1C,5394 Nova Lane,572-934-8994
154,Andalax,slenthall49@csmonitor.com,Male,78-0D-F4-B1-FB-C9,390 Norway Maple Place,922-290-5754
155,Voltsillam,efrangleton4a@sohu.com,Female,AA-E4-46-8C-E3-FE,329 Dunning Court,601-611-0189
156,It,mduffill4b@usgs.gov,Male,B4-5F-37-8D-47-07,2437 Dahle Circle,767-759-7570
157,Konklab,ksworn4c@accuweather.com,Male,77-2F-28-4D-7A-F3,43 Hanson Place,588-250-1196
158,Vagram,rfarfalameev4d@themeforest.net,Male,D2-AA-12-F2-10-BE,00 Cordelia Way,963-232-9690
159,Y-find,nmoffatt4e@bloglines.com,Female,12-6D-6D-1E-09-1B,50253 Florence Point,939-884-2529
160,Domainer,emoisey4f@cnn.com,Male,D4-1D-AF-69-A2-48,529 Waywood Hill,803-293-4667
161,Span,edovinson4g@google.co.uk,Male,14-71-B6-D8-90-36,0 Caliangt Lane,541-371-3546
162,Zaam-Dox,pjosephov4h@addthis.com,Male,E4-2E-D2-3E-83-24,75 Brown Hill,867-610-4141
163,Tres-Zap,triggott4i@reference.com,Male,C1-0F-D2-CD-2F-21,7580 Annamark Avenue,612-366-6162
164,Span,tambage4j@google.nl,Male,66-F4-BD-D1-65-93,6817 Carey Drive,919-824-1394
165,Toughjoyfax,tdanilishin4k@vistaprint.com,Male,51-10-12-BB-1F-77,8 Mallard Alley,398-998-3977
166,Ronstring,vgore4l@usda.gov,Male,97-92-AF-FE-48-92,25616 3rd Terrace,438-947-1742
167,Pannier,fharbert4m@xinhuanet.com,Male,C1-29-DE-17-FD-A9,527 Becker Lane,879-867-3230
168,Konklux,ecaplan4n@cargocollective.com,Female,77-5E-FC-61-18-12,33011 Mallory Terrace,337-830-2369
169,Bamity,pparysiak4o@pinterest.com,Male,AE-AA-DE-FB-8B-05,22 Oakridge Court,622-726-7738
170,Trippledex,mborne4p@wufoo.com,Female,D6-9C-F8-0B-87-10,11 Huxley Plaza,186-575-6707
171,Pannier,kmarney4q@squidoo.com,Male,89-7E-98-94-EE-3D,2994 Orin Terrace,264-760-5116
172,Daltfresh,hkorous4r@icio.us,Male,98-24-35-F5-74-EE,8 Forest Run Way,692-398-7752
173,Solarbreeze,mcapron4s@godaddy.com,Male,56-41-3D-A0-31-C0,49335 Clemons Center,913-930-5833
174,Bamity,lnoseworthy4t@wikimedia.org,Female,BA-D9-B9-2C-55-02,57924 Nancy Junction,821-569-3861
175,Temp,aphythean4u@bandcamp.com,Female,1D-2E-8E-07-09-BD,89294 Pankratz Drive,783-341-6509
176,Mat Lam Tam,kgreatrakes4v@apple.com,Female,B0-1A-E1-95-86-6F,2672 Warbler Pass,433-248-2310
177,Domainer,cspybey4w@webeden.co.uk,Female,02-6F-52-24-82-06,7 Golf Course Alley,934-861-3958
178,Tin,rfound4x@reference.com,Male,5F-DA-EF-BE-C5-C2,585 Park Meadow Hill,463-437-5194
179,Temp,cvolant4y@newsvine.com,Male,2F-E3-BF-24-BD-39,462 Rusk Trail,977-696-5796
180,Zoolab,dcuchey4z@cmu.edu,Female,EE-02-45-54-2C-60,400 Service Way,804-258-4942
181,Voltsillam,djiles50@yandex.ru,Female,21-35-64-0A-2D-74,2145 Grover Parkway,439-366-8314
182,Wrapsafe,skerley51@nymag.com,Female,A6-B9-3D-C7-64-C3,021 Portage Center,660-660-9526
183,Stim,krobichon52@hud.gov,Female,2E-10-05-0E-7C-C5,38850 Golden Leaf Plaza,313-485-5703
184,Tresom,fkitchenham53@merriam-webster.com,Male,9D-A0-85-88-4A-B8,0288 Manley Parkway,717-665-2849
185,Y-find,dclementson54@alexa.com,Female,E0-CD-21-56-6F-9B,84 Bay Junction,340-988-5445
186,Zoolab,mpiper55@wordpress.org,Female,89-DD-A5-7F-D2-2D,2 Bunting Alley,901-774-5026
187,Stronghold,gmarkovich56@amazon.co.jp,Female,FF-82-70-8B-19-65,5 Roth Hill,860-444-8772
188,Cardguard,mashe57@ftc.gov,Female,A9-EB-AE-20-02-B4,3646 Merchant Court,953-458-2953
189,Sub-Ex,tishaki58@hao123.com,Male,C9-89-5E-B6-AD-2F,341 Tennessee Circle,380-378-7251
190,Mat Lam Tam,dheggadon59@cargocollective.com,Female,78-9A-AF-03-94-E3,699 Linden Point,488-108-8736
191,Zathin,sduddin5a@cnet.com,Female,C8-74-24-BB-D8-97,834 Everett Trail,685-941-0056
192,Stringtough,bmaccrosson5b@networkadvertising.org,Female,B2-D7-90-61-08-05,35 Cardinal Pass,551-184-0132
193,Stronghold,cthornally5c@usnews.com,Female,C1-08-3D-C3-A5-B3,63 Kenwood Pass,306-955-9905
194,Alpha,gvasyutkin5d@nih.gov,Female,2A-12-FB-A4-7E-7E,6793 Crownhardt Trail,192-789-1157
195,Stronghold,bguilford5e@microsoft.com,Male,6F-E1-15-EE-1D-01,6414 Eagan Park,532-502-5279
196,Flexidy,gkelsall5f@tamu.edu,Female,8A-FB-AD-AA-03-85,02 Novick Parkway,585-908-4429
197,Asoka,sbranthwaite5g@redcross.org,Female,BA-4E-EB-07-16-9F,9081 Bultman Road,156-538-0875
198,Toughjoyfax,lmuglestone5h@aol.com,Male,19-A4-DC-59-8C-82,90 Fremont Lane,364-668-0206
199,Wrapsafe,mgredden5i@123-reg.co.uk,Male,8E-88-F1-8B-81-3E,896 Duke Road,972-706-1964
200,Sonair,rconnichie5j@ning.com,Female,A9-26-41-C5-2E-88,66384 Summerview Place,611-745-3746
201,Vagram,jlacey5k@usatoday.com,Male,8B-DA-67-9D-68-DC,20 Duke Place,132-206-9427
202,Kanlam,dbellis5l@tinypic.com,Female,98-1E-9D-D8-21-DB,884 Knutson Court,307-607-9564
203,Otcom,bbrownlow5m@cam.ac.uk,Male,42-BD-E9-3C-A6-60,12 Mayer Court,986-401-5899
204,Biodex,dkytley5n@shop-pro.jp,Female,50-C9-22-B8-34-5E,93617 Graceland Center,557-506-0172
205,Duobam,jdeye5o@amazon.co.jp,Male,42-C0-ED-24-82-FD,8339 Northfield Point,798-663-8950
206,Bitwolf,sbooth5p@npr.org,Male,D8-37-31-F3-6C-D2,17641 Dorton Center,426-129-3128
207,Redhold,ccapron5q@deviantart.com,Female,F2-93-EA-43-E0-2C,02 Vidon Pass,181-799-5126
208,Span,tmalyan5r@state.gov,Female,20-18-70-B7-A5-7F,880 Quincy Avenue,226-266-2014
209,Vagram,efladgate5s@facebook.com,Female,8E-DF-34-94-47-3F,044 Crest Line Trail,538-923-2488
210,Flowdesk,lmeneur5t@163.com,Female,13-DD-3C-B5-FE-5C,4338 Reindahl Junction,887-628-3143
211,Zontrax,rcloy5u@networksolutions.com,Female,23-01-25-53-3B-41,0229 Ruskin Road,223-439-4324
212,Bitwolf,bwillimont5v@ox.ac.uk,Female,5C-D1-22-F3-96-AA,382 Lindbergh Parkway,554-560-2352
213,Holdlamis,hmaccurtain5w@blinklist.com,Male,93-90-02-26-1A-CD,8619 Sunfield Way,240-586-6792
214,Matsoft,mserrels5x@google.co.uk,Male,E6-39-7C-01-68-B9,33 Northview Alley,569-708-7686
215,Transcof,bmcgaugie5y@nifty.com,Male,9A-0C-EF-B8-EA-EF,311 Alpine Avenue,973-922-3243
216,Domainer,fharkins5z@naver.com,Female,B7-29-07-D4-29-07,4 Moland Road,230-224-5691
217,Voltsillam,wjedryka60@jalbum.net,Female,29-B8-94-F7-76-A6,455 Welch Road,710-176-0360
218,Mat Lam Tam,pchestney61@facebook.com,Male,91-50-36-4E-9D-F8,80141 Kropf Street,587-164-5107
219,Wrapsafe,marmour62@ask.com,Female,EA-60-B5-64-A3-7C,9 Buhler Road,782-906-8445
220,Vagram,dworcs63@whitehouse.gov,Female,C3-92-85-8A-2D-8D,47203 Melrose Center,835-763-6716
221,Bamity,pandreas64@bloomberg.com,Female,88-49-DC-1E-4F-B6,92 Shopko Street,862-864-6226
222,Gembucket,mbridgland65@nature.com,Female,72-8A-39-8D-03-F2,38744 Sutherland Alley,318-865-7735
223,Flexidy,sallett66@is.gd,Male,61-D6-15-96-C0-BD,9 Old Shore Junction,573-692-0129
224,It,vhazleton67@blinklist.com,Male,95-F0-5D-7D-31-3C,234 Westport Avenue,733-117-6665
225,Tresom,esouthcott68@163.com,Female,17-D0-E6-88-A1-80,9193 Dayton Lane,228-389-6752
226,Sonair,bumbert69@arstechnica.com,Female,BD-71-B7-AE-B9-AA,14809 Esch Junction,442-204-9951
227,Treeflex,zboise6a@stanford.edu,Female,F2-7F-CD-4A-63-7F,16275 Jana Crossing,876-608-6867
228,Bytecard,gperell6b@pbs.org,Male,95-90-E1-F8-63-41,0 Hermina Alley,324-922-4172
229,Zontrax,lglass6c@ifeng.com,Male,1A-93-97-4D-00-CD,22517 Welch Avenue,581-833-6667
230,Lotstring,oclaridge6d@harvard.edu,Female,0B-BF-6E-35-BD-33,18556 Division Point,972-362-3156
231,Holdlamis,bzmitrichenko6e@dell.com,Male,90-18-67-23-9D-C2,83151 Meadow Valley Drive,511-697-1692
232,Flowdesk,bspur6f@diigo.com,Female,E5-27-39-10-D3-8C,9333 Welch Crossing,179-168-9785
233,Rank,hcleve6g@prnewswire.com,Female,59-71-9E-B2-60-76,65941 Chinook Junction,817-367-9023
234,Prodder,hmiddleweek6h@desdev.cn,Female,56-CD-61-14-C9-CE,34678 Iowa Lane,546-193-6820
235,Zaam-Dox,ebouch6i@comsenz.com,Female,D2-12-37-8C-35-DA,1794 Marcy Lane,279-739-0163
236,Y-find,aburdytt6j@trellian.com,Female,49-2F-CC-74-02-FA,61662 Hayes Avenue,741-340-5487
237,Namfix,frodnight6k@liveinternet.ru,Male,4A-58-7D-89-3A-5B,2 Parkside Crossing,116-672-1811
238,Temp,lstrevens6l@npr.org,Female,B1-77-27-70-1D-74,2604 Hanover Junction,680-405-0236
239,Cookley,aferre6m@about.me,Male,C9-E3-F0-1C-14-9A,9653 2nd Center,745-649-9778
240,Veribet,wlavrinov6n@howstuffworks.com,Male,60-31-4A-A9-87-59,1498 American Ash Hill,304-814-0255
241,Trippledex,dtytler6o@senate.gov,Male,78-02-F4-32-0A-5E,6 Schmedeman Lane,101-569-9414
242,Stim,aprinett6p@deliciousdays.com,Female,A1-CF-5F-B3-7D-21,25 Sommers Lane,451-911-5932
243,Redhold,rweems6q@statcounter.com,Female,96-B1-E2-AA-50-C2,7996 Hansons Court,676-338-4751
244,Job,fmarquot6r@weebly.com,Female,F2-A3-0F-CB-67-24,25 Mesta Parkway,619-110-2543
245,Otcom,jfaccini6s@businesswire.com,Female,0D-86-D0-FE-C5-B2,24 Old Shore Way,505-663-9358
246,Biodex,shunt6t@theglobeandmail.com,Female,64-DC-B2-9F-36-F6,21750 Mosinee Park,555-221-2993
247,Sonair,econnar6u@reverbnation.com,Female,E3-8D-13-35-F4-A8,3 Springs Pass,295-518-8915
248,Fix San,bjosefsen6v@unblog.fr,Male,CE-86-83-9E-66-DD,9051 Lotheville Drive,190-318-1168
249,Mat Lam Tam,klaminman6w@independent.co.uk,Male,54-60-36-BD-3A-9F,4 Chive Point,977-609-7999
250,Cardify,darchdeckne6x@nba.com,Male,0A-4D-50-FB-AC-43,9179 2nd Pass,869-533-1643
251,Overhold,crushmer6y@home.pl,Female,97-78-DB-92-20-A1,851 La Follette Terrace,377-704-0314
252,Gembucket,jweond6z@ed.gov,Female,68-20-23-59-3B-7B,49957 Forster Avenue,629-478-8002
253,Zamit,dhoyland70@angelfire.com,Female,FB-56-1A-62-68-90,388 Spaight Parkway,943-377-7526
254,Namfix,gpratchett71@microsoft.com,Female,B3-0B-5A-9C-F7-44,9074 Westridge Point,970-793-8340
255,Zoolab,pneiland72@yellowbook.com,Female,0E-72-43-89-9E-D1,95 Dexter Parkway,942-897-5678
256,Fixflex,bbish73@dagondesign.com,Male,23-94-11-EF-75-D9,2 Lien Hill,735-780-7029
257,Biodex,ukeson74@cargocollective.com,Female,3D-DD-1D-94-DF-51,8007 Pawling Lane,122-102-7511
258,Zaam-Dox,wgrundell75@technorati.com,Female,57-69-E1-CE-1E-46,6980 Jay Street,777-354-8442
259,Redhold,mbudik76@nhs.uk,Female,0D-91-A2-58-81-F9,99823 Westend Park,817-226-6387
260,Zaam-Dox,dmartijn77@histats.com,Female,54-3A-04-9A-1B-85,510 Tony Court,200-826-7545
261,Sonair,tcharles78@cisco.com,Male,6A-13-91-5B-54-98,0009 Parkside Trail,565-155-3756
262,Zoolab,rcecely79@google.cn,Female,9C-FD-77-E8-02-F2,3999 Mallory Point,145-513-3915
263,Zamit,afoukx7a@bandcamp.com,Female,E6-A0-25-97-A5-79,93 Nova Place,346-833-2129
264,Subin,dstephenson7b@friendfeed.com,Male,1B-82-AD-63-31-56,47313 Coleman Point,157-652-4187
265,Opela,mhouldin7c@biglobe.ne.jp,Male,4C-E3-5D-8C-92-C2,959 Cody Hill,202-149-6106
266,Rank,bbotcherby7d@zdnet.com,Male,25-A0-17-FE-D4-FD,761 Dayton Crossing,810-367-0125
267,Flexidy,ccorbishley7e@businesswire.com,Female,D0-88-66-33-B4-A9,07 Amoth Way,737-868-2807
268,Fixflex,wllelweln7f@com.com,Female,FD-58-87-58-BB-FC,96972 Everett Park,523-780-0623
269,Lotstring,olegendre7g@webnode.com,Female,4A-3A-5F-56-E4-9B,77559 Shelley Trail,995-101-8397
270,Flowdesk,lmulbry7h@plala.or.jp,Male,A1-CF-13-E9-D5-A2,0 Birchwood Hill,461-442-1094
271,Cookley,zburkhill7i@skyrock.com,Male,E3-D6-D0-80-8A-F6,41228 Lyons Pass,714-794-7958
272,Bytecard,bredwall7j@hexun.com,Female,22-56-7D-A9-69-4E,20488 Badeau Park,937-599-8842
273,Otcom,gluxton7k@omniture.com,Male,59-56-95-62-D2-6D,182 Texas Circle,667-765-9122
274,Opela,bpoole7l@google.cn,Male,C6-DF-22-AF-90-8F,112 Hayes Lane,668-590-5406
275,Voyatouch,ewestlake7m@admin.ch,Female,EE-6A-8E-F8-CB-30,0 Spaight Trail,196-204-7024
276,Alpha,ahumphrey7n@bravesites.com,Female,3E-31-A0-16-06-69,3 Armistice Street,197-864-4365
277,Pannier,cattwool7o@apple.com,Male,63-79-D9-A7-46-5E,675 Oakridge Hill,619-555-9193
278,Fixflex,ccorthes7p@about.com,Female,08-D8-58-7A-41-0D,38 Dexter Place,971-988-1876
279,Zamit,cmcevay7q@hostgator.com,Female,21-96-5F-80-D4-58,83017 Katie Circle,358-559-8198
280,Sonsing,cfarahar7r@ovh.net,Female,12-9C-17-F5-4D-2E,9527 Westend Street,408-671-8122
281,Otcom,spattisson7s@boston.com,Female,60-89-11-1E-51-62,8033 Bowman Avenue,466-771-4220
282,Tampflex,gbaiss7t@bbc.co.uk,Female,79-03-6E-8F-24-BA,4 Duke Parkway,969-505-4146
283,Ronstring,sgynne7u@tinyurl.com,Male,D7-87-A6-81-D1-BD,24597 Jenifer Parkway,732-610-4165
284,Quo Lux,zjaneway7v@altervista.org,Female,17-49-1A-6D-2E-9B,9639 Troy Avenue,853-663-1053
285,Redhold,gkeepence7w@desdev.cn,Male,A3-69-D8-12-93-6D,1 Eagle Crest Point,373-187-4653
286,Gembucket,jrennox7x@cnet.com,Female,9D-FD-B1-C9-CA-56,1210 Arrowood Avenue,570-212-1025
287,Greenlam,hmuckeen7y@is.gd,Female,F3-C3-A9-A6-EC-91,9 Quincy Street,653-920-3516
288,Overhold,nwestnage7z@pbs.org,Female,A9-3D-93-84-71-C6,5530 Laurel Junction,932-556-4432
289,Overhold,nloyndon80@1688.com,Female,EF-BF-6A-D6-0E-8C,3536 Merchant Circle,844-988-3843
290,Alphazap,lmoffat81@youtu.be,Male,DB-86-2F-15-BC-5C,8664 Straubel Hill,221-636-9342
291,Y-Solowarm,mskeath82@blinklist.com,Female,4C-32-C0-E4-33-40,235 Vernon Center,289-890-1586
292,Cardify,chatherell83@wufoo.com,Female,FE-F4-A2-DC-D0-DE,81 Manley Park,437-517-4926
293,Trippledex,ailyunin84@tripod.com,Male,DB-07-57-AD-63-26,5 Scoville Junction,687-870-0416
294,Alphazap,rtowse85@tinyurl.com,Female,79-C3-9C-45-4D-FB,8025 Green Ridge Center,664-139-6006
295,Tres-Zap,pnewrick86@mozilla.com,Female,7C-EB-35-8A-B3-B1,01087 Goodland Trail,532-963-6990
296,Toughjoyfax,emordacai87@msu.edu,Male,7B-82-7E-B1-53-1C,94799 Ryan Plaza,271-389-1340
297,Bytecard,ehuggon88@wikia.com,Female,0D-EE-9D-A7-11-C7,0 Corry Hill,677-963-1738
298,Job,nwisker89@simplemachines.org,Male,05-07-CB-E6-B2-15,1 Utah Road,397-132-3039
299,Alpha,agiddens8a@webnode.com,Female,C3-89-40-98-A3-23,05 Prentice Crossing,195-728-2428
300,Zamit,bsegges8b@goo.gl,Male,24-F0-4E-85-5C-99,0919 Marquette Terrace,724-164-7047
301,Stringtough,rashwin8c@constantcontact.com,Male,E9-78-7A-3B-E2-FB,477 Schiller Terrace,854-452-3906
302,Wrapsafe,nredgewell8d@geocities.com,Female,24-53-4B-F2-49-1A,52 Anderson Drive,342-206-0732
303,Holdlamis,lviant8e@salon.com,Male,9B-E3-30-98-A4-69,48469 Logan Point,948-874-1544
304,Transcof,nmaffioletti8f@latimes.com,Male,65-66-6B-F6-73-0A,490 Weeping Birch Hill,775-319-3705
305,Bitchip,crobeiro8g@example.com,Female,66-89-CE-86-0B-DD,3 Dottie Plaza,680-364-3875
306,Stringtough,istephen8h@about.com,Male,89-EA-B6-E9-54-66,7 Truax Drive,515-231-8507
307,Keylex,rlaughnan8i@springer.com,Female,39-F3-EE-EB-CE-F7,580 Everett Parkway,812-809-3879
308,Prodder,ctiesman8j@uiuc.edu,Male,41-3F-B7-9F-36-67,246 Elka Place,860-327-9224
309,Stringtough,delleyne8k@harvard.edu,Male,DA-52-7E-47-44-16,455 Bultman Way,240-262-9769
310,Y-find,sclevely8l@storify.com,Female,7C-5E-98-F0-9F-CF,4 Alpine Trail,530-650-4353
311,Flexidy,gdyet8m@ycombinator.com,Female,31-3D-82-13-3B-3F,3167 Cody Hill,253-989-5184
312,Alphazap,fhargreaves8n@mediafire.com,Male,5A-6F-AF-37-ED-04,11 Eggendart Street,961-798-0565
313,Flowdesk,gedmed8o@squidoo.com,Female,3C-7C-46-5E-BA-BA,7 Summit Road,658-131-4486
314,Home Ing,hsnoxall8p@spiegel.de,Male,7E-49-30-24-71-1E,4 Hauk Junction,338-809-8452
315,Mat Lam Tam,dyonnie8q@wordpress.org,Female,13-6A-90-A3-B1-DE,042 Reindahl Court,443-252-4524
316,Quo Lux,bgresty8r@techcrunch.com,Male,E7-19-74-67-3B-65,97598 Acker Street,919-783-9104
317,Matsoft,vgross8s@latimes.com,Male,B2-D4-CB-3A-9E-E7,367 Talisman Place,635-225-8087
318,Tres-Zap,ccooke8t@chron.com,Female,76-32-BD-62-9A-EF,249 Manitowish Point,983-686-5502
319,Cookley,eitzcovich8u@cnbc.com,Male,02-99-E9-A5-79-E2,4 Maryland Crossing,232-353-2966
320,Kanlam,jjugging8v@census.gov,Male,16-A9-6C-C6-91-D0,32 Northfield Plaza,126-497-6134
321,Flowdesk,pisaq8w@usa.gov,Male,C2-49-D7-60-98-25,13488 David Street,404-721-9942
322,Regrant,dbendare8x@ebay.com,Male,BB-B5-62-B7-CC-C8,0541 Londonderry Park,613-956-8877
323,Sub-Ex,pthaim8y@youku.com,Female,21-ED-30-3F-5D-7F,48 Lyons Crossing,495-131-2457
324,Latlux,aschwandermann8z@qq.com,Male,A8-32-FE-F9-AD-E9,82 Old Shore Plaza,105-449-5224
325,Tin,mcrosoer90@bizjournals.com,Female,92-CA-90-CE-BD-AA,67 Caliangt Terrace,689-999-8515
326,Home Ing,pflaws91@apache.org,Female,A5-F3-3A-81-35-91,2 Center Junction,287-982-6729
327,Stringtough,lguido92@gnu.org,Female,DC-9D-74-07-AB-02,1 Maple Wood Pass,456-672-9023
328,Span,rhaycraft93@quantcast.com,Female,B5-A7-9D-D0-AE-06,4 Manley Junction,326-576-0021
329,Y-find,lrudkin94@woothemes.com,Female,4F-E4-DF-FC-EC-77,95480 Texas Parkway,233-794-1795
330,Biodex,caidler95@slideshare.net,Male,95-59-09-88-3C-E2,114 Mayer Pass,341-865-6649
331,Ventosanzap,omitchener96@slashdot.org,Female,9B-39-F8-54-DF-37,630 Fordem Pass,977-811-8912
332,Veribet,tbescoby97@gmpg.org,Female,E1-FE-6F-52-A5-D8,9472 Bashford Hill,253-460-7872
333,Duobam,dfrake98@blog.com,Male,DD-81-2A-F5-CB-0D,29 Porter Alley,108-284-7697
334,Bamity,crook99@comsenz.com,Female,C0-98-AA-06-BA-6B,4 Hanover Center,520-261-0540
335,Sub-Ex,fpyzer9a@cocolog-nifty.com,Female,24-3F-67-D0-B9-AF,69230 Milwaukee Drive,538-914-8156
336,Voltsillam,chargrove9b@si.edu,Male,E7-E4-AF-4D-3E-C0,5 Reinke Road,914-546-7281
337,Fintone,ltree9c@about.com,Female,39-AB-FF-70-A5-FD,7753 Ramsey Lane,589-203-3186
338,Quo Lux,jmoen9d@wordpress.org,Female,67-0C-E6-B3-E7-5D,86684 Mallard Junction,357-496-8400
339,Konklab,tleggis9e@illinois.edu,Male,88-79-B4-BC-7F-F4,373 Transport Court,177-790-3463
340,Cardguard,hyeulet9f@purevolume.com,Male,DE-85-C6-5F-7F-84,06 La Follette Parkway,213-827-5643
341,Y-Solowarm,smquharg9g@sourceforge.net,Male,32-76-18-D9-C8-52,4 Service Road,358-575-0879
342,Domainer,mlivingstone9h@vimeo.com,Male,9A-40-D9-55-45-D7,73 Mayer Avenue,319-210-8481
343,Gembucket,dglasgow9i@archive.org,Male,E3-D2-B9-FA-E0-AB,0 Mayer Court,926-859-0550
344,Ventosanzap,dwayland9j@umn.edu,Female,9B-A6-54-A9-8F-A0,3 Schmedeman Parkway,301-386-8506
345,Konklab,bjeacock9k@51.la,Male,27-E2-F9-15-28-2B,47080 Crest Line Junction,562-244-1271
346,Regrant,sarchanbault9l@geocities.com,Female,A9-84-FE-B4-38-40,3 Old Shore Circle,773-655-8758
347,Sub-Ex,moade9m@omniture.com,Male,E0-DE-B1-F0-5B-BB,85280 Mccormick Street,354-425-7087
348,Holdlamis,lbyrne9n@fda.gov,Male,7E-C8-A9-4A-3E-3F,8749 Hazelcrest Alley,276-169-7841
349,Zontrax,stwigger9o@soup.io,Female,6C-FA-FD-2F-A8-5E,338 Atwood Terrace,461-815-7671
350,Temp,mianelli9p@tumblr.com,Male,4F-19-B5-CB-5F-7C,40074 Rockefeller Parkway,765-296-2898
351,Lotlux,igrigorian9q@1und1.de,Male,10-D7-B6-7A-3A-FA,29123 Darwin Road,606-752-5347
352,Vagram,hbirwhistle9r@ed.gov,Male,B2-AC-94-62-EA-78,2 Center Plaza,767-337-6039
353,Lotstring,feate9s@google.com.hk,Female,E5-2B-E0-02-0F-D5,8 Weeping Birch Street,413-297-3329
354,Domainer,gredmayne9t@qq.com,Female,DE-49-73-A8-06-CD,0206 Old Shore Way,955-993-2791
355,Fintone,ahundey9u@usda.gov,Male,01-78-97-58-E8-B4,1569 Farragut Park,898-215-5325
356,Cardguard,dblodg9v@ucoz.com,Male,95-B0-55-37-60-62,023 Nancy Avenue,571-378-1525
357,Prodder,rklemz9w@harvard.edu,Female,B8-F1-71-81-5A-E6,9 Chinook Alley,112-672-0757
358,Biodex,mquadling9x@psu.edu,Female,BD-DB-59-67-4C-9C,396 Laurel Street,172-965-9459
359,Viva,jraynard9y@bandcamp.com,Male,8C-D4-9C-D9-11-8D,1342 Hagan Park,592-552-4021
360,Temp,sduffell9z@unesco.org,Female,5A-ED-B4-B8-8E-8A,06735 Grasskamp Pass,817-954-4472
361,Gembucket,wbernlina0@amazon.co.jp,Female,11-DF-EA-51-50-B4,30442 Surrey Drive,650-197-4186
362,Viva,khedgecocka1@freewebs.com,Female,55-D2-45-54-7F-55,471 Cottonwood Place,408-286-4216
363,Sub-Ex,eebertsa2@ezinearticles.com,Female,EC-7A-D8-1D-97-B5,900 Golden Leaf Court,596-534-5217
364,Daltfresh,kworssama3@nbcnews.com,Male,88-76-C4-19-67-1A,1 Sugar Way,652-894-0577
365,Transcof,bjordena4@usatoday.com,Female,5A-12-76-74-18-6A,361 Buell Circle,918-471-1239
366,Zamit,llappina5@harvard.edu,Female,A7-A6-F4-4B-33-88,75 Kropf Terrace,430-383-2575
367,Sub-Ex,caureliusa6@hhs.gov,Female,49-5B-6C-09-BA-BF,08 Del Sol Way,212-975-5667
368,Vagram,cgowricha7@unesco.org,Male,ED-26-B8-4F-8B-BB,875 Pearson Court,746-855-5644
369,Temp,ddeminicoa8@trellian.com,Female,D9-7D-C6-63-F8-9B,6262 Cordelia Crossing,214-722-6880
370,Tres-Zap,jpuckera9@alexa.com,Female,8E-8D-5B-C6-A1-E3,2789 Michigan Hill,826-940-5569
371,Stronghold,lbeamsonaa@privacy.gov.au,Female,E6-07-10-5E-9F-44,06581 Buena Vista Pass,757-683-6493
372,Flexidy,dtomsab@angelfire.com,Female,22-84-B3-FA-6C-20,7062 Sachs Junction,513-317-7677
373,Sonair,pchinnac@baidu.com,Male,30-D4-A7-FF-49-F8,823 Evergreen Terrace,674-328-7614
374,Aerified,hmaughanad@nydailynews.com,Female,67-65-ED-3F-0E-40,30288 Prairie Rose Pass,447-551-9219
375,Asoka,gleathamae@reuters.com,Female,1E-4A-29-22-D3-A0,6568 Reinke Drive,871-684-6356
376,Konklab,epiniuraf@opera.com,Male,32-14-E5-BA-D3-4A,6170 Welch Plaza,184-416-4889
377,Vagram,halsfordag@netvibes.com,Female,B6-57-36-A1-21-E0,8 Kipling Crossing,532-819-2660
378,Vagram,ahorsleyah@imdb.com,Male,33-E0-65-8F-1C-77,0 Mifflin Center,320-757-6529
379,Stim,kclickai@chronoengine.com,Female,EA-AC-EE-E3-5F-34,2 Alpine Hill,844-644-1826
380,It,mbeaginaj@webeden.co.uk,Male,1A-35-90-40-F5-C7,4 Troy Trail,560-812-6617
381,Sonair,ealdieak@fastcompany.com,Male,7E-3F-16-9F-B1-FF,3 North Avenue,319-424-3135
382,It,lcheakal@rediff.com,Female,81-88-B3-F0-5C-02,4656 Ridge Oak Terrace,474-648-0492
383,It,jkittelam@goo.ne.jp,Male,34-A1-8D-71-DF-6A,9662 Graceland Avenue,899-520-4994
384,Tin,wdeliaan@is.gd,Male,89-92-9D-AF-6A-35,69281 Evergreen Lane,939-218-2114
385,Namfix,snairneao@washington.edu,Female,5F-54-08-06-CC-8B,8 Express Plaza,575-976-5434
386,Sonsing,inussap@shutterfly.com,Female,1A-D8-D8-EB-FD-CB,79 Rutledge Park,820-399-3565
387,Sub-Ex,cstallwoodaq@va.gov,Female,54-4C-FB-E7-AC-9C,19 Stephen Drive,951-577-7263
388,Subin,ddemarchiar@hc360.com,Female,00-CC-2B-3D-CC-7B,8521 Carey Pass,135-671-7106
389,Zaam-Dox,jdelaprelleas@delicious.com,Male,D9-B6-D8-D2-3B-62,4 Golf Course Street,933-935-6356
390,Fix San,cbiggansat@mozilla.com,Male,D5-F4-87-22-E5-36,3190 Autumn Leaf Circle,583-665-2867
391,Lotstring,eperelau@nps.gov,Female,D3-27-A8-0C-6D-25,3 Pierstorff Hill,734-967-8978
392,Konklux,cdennehyav@taobao.com,Female,2A-EE-04-39-BA-68,71 Morrow Drive,893-186-3052
393,Alpha,rbenboughaw@squidoo.com,Female,DC-F2-5C-80-E6-48,473 Merchant Avenue,323-410-2566
394,Asoka,udomenichiniax@mit.edu,Female,0B-8A-C2-9D-CB-2C,21 Havey Lane,186-144-0620
395,Rank,lnottay@ameblo.jp,Male,89-25-32-7A-31-E8,97 Crownhardt Park,909-499-2248
396,Stronghold,fgerrelsaz@biblegateway.com,Male,92-77-80-27-DF-1D,907 Graedel Court,305-880-8021
397,Vagram,tvollethb0@answers.com,Female,DA-0B-45-BE-0F-44,66 American Plaza,181-788-2436
398,Veribet,fclaibournb1@a8.net,Female,02-B2-0F-47-C6-5E,2 Mariners Cove Trail,775-532-5065
399,Zaam-Dox,snewcombb2@java.com,Male,19-0A-4A-84-D3-2C,8653 Commercial Court,110-370-6887
400,Tampflex,hcrookallb3@posterous.com,Male,32-07-4B-1A-32-A4,2 Eastwood Alley,276-906-5481
401,Solarbreeze,ititheridgeb4@eventbrite.com,Female,F5-81-EF-9F-7A-0D,902 Redwing Road,745-592-2514
402,Matsoft,lvarfalameevb5@linkedin.com,Male,1F-61-D7-67-8A-E1,06 Continental Hill,738-908-3558
403,Mat Lam Tam,nburgillb6@spotify.com,Female,8A-66-70-7A-39-03,90 Montana Junction,608-913-3153
404,Zamit,apaasob7@over-blog.com,Male,ED-3F-CF-C3-DD-22,35674 Anderson Drive,607-938-9571
405,Tampflex,kgoodwellb8@narod.ru,Female,3B-CE-BF-F1-23-D1,0 Hallows Circle,741-592-3332
406,Stringtough,hrainsb9@samsung.com,Male,67-B6-84-1C-FF-98,6941 Northfield Junction,410-325-9325
407,Ventosanzap,bweldrakeba@examiner.com,Male,4D-E7-26-D8-66-55,204 Eliot Junction,673-153-4464
408,Zoolab,amcasparanbb@dot.gov,Male,24-A0-BD-E8-38-A6,1 Fulton Plaza,329-824-4688
409,Lotlux,lranklingbc@joomla.org,Male,35-92-A9-7F-D5-15,26904 Duke Point,413-118-6186
410,Opela,pglasmanbd@is.gd,Female,CF-B4-A7-1D-E0-27,8676 Amoth Road,110-490-1406
411,Tres-Zap,kelstowbe@newsvine.com,Male,62-74-69-49-0F-65,67833 Coolidge Way,295-483-0183
412,Bytecard,kjustebf@google.pl,Male,52-EB-52-3B-6E-8A,64877 Bluestem Point,623-670-4604
413,Voltsillam,dsuccamorebg@apache.org,Male,E1-B9-C2-65-4F-6F,61282 Lotheville Parkway,571-768-8205
414,Latlux,achartersbh@mapquest.com,Male,FB-55-7E-67-FA-32,9 Oneill Center,423-557-0559
415,Tin,dvolksbi@dmoz.org,Female,1D-49-9B-A7-E0-A7,7791 Dapin Avenue,336-721-4818
416,Asoka,bwybrewbj@msu.edu,Female,82-4A-BA-30-D9-95,2 Lukken Road,958-391-4870
417,Veribet,mvassebk@bloomberg.com,Female,CB-F8-FA-A5-20-67,27931 Chive Center,385-584-5486
418,Alphazap,rramagebl@addthis.com,Male,33-AC-2B-02-61-01,1 Oakridge Street,709-524-8703
419,Prodder,echamneybm@cisco.com,Male,8A-66-C6-CF-1F-53,890 Towne Parkway,183-987-5298
420,Cardify,sboutellierbn@constantcontact.com,Female,F8-59-E6-EC-3C-52,55490 Laurel Pass,881-550-7870
421,Y-find,bbalfebo@moonfruit.com,Male,0C-D6-28-02-64-AF,12625 Moland Way,253-101-7251
422,Zontrax,estandishbrooksbp@toplist.cz,Male,C9-59-21-F9-91-86,260 Algoma Road,970-341-2942
423,Bigtax,gtorrabq@thetimes.co.uk,Male,DE-2E-5D-AA-86-E3,6 Dakota Park,600-796-2578
424,Sonsing,ftynewellbr@slideshare.net,Female,2A-04-53-7B-75-F2,6 Sommers Junction,926-973-3882
425,Transcof,aeloybs@berkeley.edu,Male,04-5C-90-23-B1-D5,4 Boyd Circle,677-403-2486
426,Y-Solowarm,gmyottbt@dmoz.org,Male,E5-44-91-BF-3C-0B,245 Reinke Lane,731-968-3252
427,Alpha,dpistolbu@shareasale.com,Female,27-F1-C4-2F-C9-C0,2 Ridge Oak Plaza,794-478-1823
428,Stronghold,ljaouenbv@ucoz.com,Male,C4-B1-BA-C9-81-66,7832 Holy Cross Way,560-975-9492
429,Rank,jludeebw@unc.edu,Male,DE-DD-0B-EA-FC-51,38 Debra Circle,665-918-3571
430,Bigtax,dmcilennabx@feedburner.com,Male,28-42-C8-70-2B-15,33274 Logan Center,331-271-4284
431,Bitwolf,agoldbyby@lycos.com,Male,29-7B-E1-58-35-87,6059 Farwell Circle,210-466-4107
432,Tempsoft,cchavezbz@abc.net.au,Female,0A-E3-95-E2-83-AF,14789 Loeprich Road,470-659-6472
433,Otcom,ecoursorc0@ebay.com,Male,EE-A8-1C-5D-E9-C3,1143 Stephen Lane,509-234-4740
434,Tampflex,mplumridgec1@blogger.com,Female,18-DB-D7-DC-2A-62,06121 Karstens Junction,982-764-2074
435,Zathin,agrinvalc2@posterous.com,Male,8E-E0-9A-84-56-EF,28 Little Fleur Crossing,573-453-6307
436,Alpha,kgilbanec3@paginegialle.it,Male,E8-76-46-EB-0E-AC,81 Pankratz Trail,181-688-5808
437,Rank,aandrellic4@booking.com,Female,AD-1E-D8-4B-88-19,8 Erie Hill,960-450-4260
438,Fix San,mrabbetc5@skyrock.com,Female,F1-BB-66-31-11-B7,91 Northport Avenue,335-229-8815
439,Zaam-Dox,emilchc6@accuweather.com,Female,4C-54-A5-C3-72-BA,7 Claremont Circle,698-560-5062
440,Greenlam,ahyndsonc7@mlb.com,Male,67-EA-D2-D5-39-F9,38 Little Fleur Road,273-335-7243
441,Opela,rivashnikovc8@patch.com,Female,DB-25-D1-FF-7A-FB,704 Kenwood Court,408-638-8844
442,Stim,fwallagec9@washington.edu,Female,CB-2C-FE-35-64-14,38085 Vermont Drive,583-535-7641
443,It,kblagueca@youtube.com,Male,66-17-6A-62-89-9A,344 Menomonie Hill,102-658-2726
444,Pannier,mfenncb@reverbnation.com,Male,84-83-44-D4-DC-BF,29 Burrows Plaza,833-630-8598
445,Regrant,wpearseycc@senate.gov,Male,53-D7-2D-69-74-84,0546 Maple Point,145-364-0433
446,Namfix,mgonnellycd@ucoz.com,Male,B5-59-86-EB-72-76,950 Superior Alley,502-453-6984
447,Tresom,gpenrosece@moonfruit.com,Female,45-4E-4C-2A-4C-76,50 Nancy Court,855-120-3762
448,Alphazap,ypotteridgecf@blogger.com,Male,37-4C-B3-09-5D-2B,54222 Novick Drive,147-281-6284
449,Job,omatusiakcg@nps.gov,Female,F3-05-9F-A1-5C-99,237 Anzinger Court,339-683-5478
450,Sonair,dmeakinch@fotki.com,Female,73-92-38-CD-A2-06,3560 Holy Cross Way,994-385-8970
451,Stringtough,geckci@boston.com,Female,E7-69-9B-D1-97-A0,04564 Moose Road,305-295-1825
452,Trippledex,hkorneichikcj@foxnews.com,Female,61-09-5D-05-63-D8,4347 Monterey Hill,206-189-5264
453,Bigtax,fbartosikck@netlog.com,Female,92-90-D0-04-6C-EB,123 Debs Hill,640-700-4804
454,Mat Lam Tam,mstaveleycl@w3.org,Male,ED-9D-CA-8B-42-70,0 Canary Terrace,173-975-6927
455,Latlux,agaultcm@rambler.ru,Female,65-DC-34-49-DC-19,4650 Golden Leaf Parkway,880-427-5978
456,Tempsoft,tbunclarkcn@answers.com,Male,EB-BE-63-9D-AE-07,87 Logan Hill,549-482-1969
457,Opela,psnoxellco@webmd.com,Female,9A-B9-79-6A-9A-14,3132 Waxwing Circle,925-255-6578
458,Bitwolf,proycp@list-manage.com,Male,D1-ED-FA-A8-A7-B6,2551 Quincy Street,432-573-1036
459,Zoolab,crosindillcq@chicagotribune.com,Male,F7-DC-70-18-BC-12,99 La Follette Terrace,242-533-0863
460,Solarbreeze,abernholtcr@drupal.org,Female,B4-B0-6C-3D-07-5A,10 Susan Hill,151-474-7932
461,Bitwolf,kdomegancs@devhub.com,Female,37-4A-D3-01-8A-9B,92 Esker Road,150-257-9334
462,Lotlux,valgeoct@buzzfeed.com,Male,F9-58-FE-AF-39-7C,19457 Laurel Crossing,144-862-4027
463,Sonair,liacovellicu@nih.gov,Male,39-D1-A3-36-19-57,917 Anhalt Point,416-401-2997
464,Cardguard,ibrugmancv@ed.gov,Male,F4-1D-1A-2E-88-FF,98380 Helena Pass,496-940-9906
465,Tampflex,ckilbycw@so-net.ne.jp,Female,0C-C3-DF-95-52-E5,87741 Tomscot Alley,189-761-0442
466,Trippledex,stebbothcx@wikia.com,Female,3B-21-B6-2E-8E-4F,06023 Schurz Drive,253-303-3403
467,Aerified,fnoyescy@hexun.com,Female,66-D3-F1-3D-57-F0,23056 4th Crossing,803-609-4456
468,Span,hspandleycz@mapy.cz,Male,25-34-9B-79-16-70,685 Northview Crossing,381-172-8556
469,Temp,cgunningd0@usnews.com,Female,8C-86-86-3B-47-88,8860 Memorial Junction,528-213-5533
470,Tampflex,smitchinerd1@cocolog-nifty.com,Male,AB-A1-9D-6D-91-0B,57 Lillian Lane,924-175-7827
471,Fix San,cosantd2@yahoo.com,Male,52-03-80-C5-FA-50,99447 Corben Avenue,812-893-2373
472,Sonsing,sarstingalld3@ibm.com,Male,A5-49-F6-3F-35-0C,685 Talmadge Circle,228-566-5141
473,Voltsillam,ctomasellid4@rambler.ru,Male,74-C3-60-82-31-85,81 Colorado Point,685-226-2773
474,Home Ing,pmanssuerd5@bloglines.com,Female,76-FB-8E-CD-88-3F,01 Grayhawk Road,222-933-9039
475,Fintone,jfernezd6@freewebs.com,Male,96-E9-CC-AB-7B-63,2381 Bayside Hill,617-277-6108
476,Sub-Ex,dgorstd7@mac.com,Female,DC-A9-99-DA-77-90,072 David Way,126-449-5602
477,Flowdesk,rbuttersd8@amazonaws.com,Male,A8-95-C7-30-63-B4,99 Novick Pass,445-800-2436
478,Veribet,jgiacobod9@washingtonpost.com,Female,3F-EC-D2-01-24-41,2 Mockingbird Drive,556-990-3042
479,Tampflex,rmeeksda@tuttocitta.it,Female,AD-29-86-81-CE-E3,2 Prairieview Road,894-577-3015
480,Treeflex,cstutherdb@printfriendly.com,Female,12-80-13-E3-12-42,007 2nd Plaza,559-621-3382
481,Opela,mhandrokdc@google.com.au,Female,39-68-79-01-18-5D,184 Birchwood Center,875-137-1328
482,Voltsillam,bwinridgedd@blinklist.com,Female,C3-30-76-46-B9-55,08 Northland Parkway,346-380-4381
483,Duobam,varmallde@ox.ac.uk,Female,EF-27-F4-11-BB-BA,8665 Hoard Park,485-793-4565
484,Job,nhatcharddf@nih.gov,Female,D7-6B-07-4E-FC-31,6149 Maple Wood Park,137-105-8559
485,Zathin,mlamingdg@alibaba.com,Female,84-32-2A-D3-49-77,598 Loomis Park,953-677-6637
486,Mat Lam Tam,kpolodh@google.es,Female,E2-9A-D6-FD-C8-3F,275 Towne Parkway,476-988-0975
487,Andalax,jbuggedi@yahoo.com,Female,84-A3-29-97-41-C4,3344 Chive Terrace,365-924-9250
488,Tin,lelsipdj@geocities.com,Male,FA-E3-4A-30-7B-03,242 Truax Street,338-959-7929
489,Holdlamis,bmartensendk@dailymotion.com,Male,78-93-6F-7D-5F-0B,7398 Tomscot Way,324-462-4661
490,Stringtough,phonigdl@bbc.co.uk,Male,75-75-2D-78-0A-EA,0 Northridge Court,375-724-6350
491,Tempsoft,vpullmandm@sciencedirect.com,Female,B6-CF-D3-D1-99-F5,8953 Anhalt Point,471-999-6905
492,Kanlam,lknightondn@eepurl.com,Female,56-3D-B3-F3-0D-8A,9 Mccormick Place,919-651-9003
493,Bigtax,salenshevdo@altervista.org,Male,E5-D8-D0-56-AA-6C,47461 Weeping Birch Avenue,832-562-0407
494,Keylex,mdearnalydp@people.com.cn,Male,BD-F7-22-79-F7-CB,78198 Gina Drive,393-354-4866
495,Opela,atwinberrowdq@usatoday.com,Female,FF-A5-80-5C-F8-B8,43 Loftsgordon Plaza,207-483-9333
496,Transcof,rbeveridgedr@angelfire.com,Male,52-7D-16-55-96-C9,213 Lunder Lane,596-179-8884
497,Y-find,jbreederds@de.vu,Female,24-7A-95-94-D1-41,69 Fallview Terrace,772-654-2859
498,Stim,ktrussedt@bloglovin.com,Female,8A-FF-07-3C-64-8F,45451 Farwell Street,451-280-3695
499,Wrapsafe,kkinneallydu@redcross.org,Female,4B-FD-F3-44-38-88,08376 Briar Crest Plaza,504-455-0731
500,Matsoft,crhodusdv@t-online.de,Female,D0-C5-9F-94-67-79,22577 Novick Drive,219-555-3764
501,Rank,kcafferkydw@eepurl.com,Female,6E-7A-A5-09-C6-1F,79692 Little Fleur Plaza,331-178-3997
502,Flexidy,wblackaterdx@histats.com,Female,80-D2-11-4E-E6-7A,33808 Bunting Road,430-224-3267
503,Stringtough,jfalkinghamdy@google.cn,Female,4D-C6-0B-1A-50-BD,920 Warbler Way,244-189-6859
504,Matsoft,kkemetzdz@webnode.com,Male,12-93-A2-5E-2A-81,73272 Killdeer Pass,598-133-2275
505,Transcof,kcorkille0@gmpg.org,Female,D2-09-85-6E-B2-FE,5 Thackeray Trail,385-254-8410
506,Temp,ikenvine1@timesonline.co.uk,Male,ED-B1-BC-BE-D6-5A,81 Leroy Lane,713-284-4036
507,Holdlamis,sfominove2@utexas.edu,Female,80-FD-88-9B-10-AD,8 Grover Way,966-181-4217
508,Treeflex,bwolfarte3@merriam-webster.com,Female,7C-5A-5E-90-8A-9B,9861 Michigan Court,441-525-8985
509,Keylex,emcconnachiee4@kickstarter.com,Female,24-EE-CC-0A-75-19,5456 Del Sol Lane,428-210-9563
510,Wrapsafe,fyeudee5@google.cn,Female,84-B0-7C-5A-BA-EA,096 Dakota Hill,954-514-1548
511,Sonair,lhamele6@smh.com.au,Male,7E-3F-EC-C8-13-58,5982 Magdeline Pass,640-355-4846
512,Latlux,mchastere7@thetimes.co.uk,Male,ED-27-7B-A0-96-52,8 Ohio Crossing,170-971-4936
513,Trippledex,sgossope8@twitter.com,Male,D7-56-29-92-11-AC,502 Reindahl Trail,913-455-8307
514,Bitchip,rgirkee9@de.vu,Female,32-98-2E-CE-B9-E3,379 Village Drive,338-263-6872
515,Transcof,brylandea@oracle.com,Female,9A-69-F7-5E-08-53,445 Brickson Park Way,632-554-5074
516,Stim,rmurtagheb@rambler.ru,Male,E9-7E-3F-BD-AB-8E,261 Wayridge Drive,465-561-2801
517,Tin,mchermec@mlb.com,Female,6F-FA-27-91-DA-07,03 Spaight Avenue,998-638-1737
518,Zaam-Dox,pkeuninged@bloglines.com,Male,CE-52-A1-8D-20-A9,8 Old Shore Road,738-694-4780
519,Fintone,xmeersee@msn.com,Female,F3-4D-6A-93-AC-41,634 Duke Road,282-321-5076
520,Temp,awingeattef@storify.com,Female,D4-7A-09-3F-44-93,1 Pleasure Pass,746-721-3662
521,Y-find,edunnetteg@jiathis.com,Female,1E-09-D5-54-33-C3,969 Haas Circle,955-413-9850
522,Bytecard,dremereh@gmpg.org,Female,AB-58-34-C4-D2-8C,5 Steensland Parkway,123-655-9730
523,Zathin,pbaertei@time.com,Female,01-02-92-97-D3-1B,06315 Swallow Lane,791-897-3178
524,Stringtough,rtullyej@seattletimes.com,Male,60-FC-6B-70-70-8D,3219 Maple Wood Trail,603-689-1640
525,Zaam-Dox,bdrewellek@chronoengine.com,Male,CE-4E-F4-FB-F8-9C,77028 Petterle Park,984-192-0555
526,Cookley,lgorstidgeel@businessinsider.com,Female,79-87-21-DB-B5-86,88 Southridge Junction,953-998-6231
527,Rank,gstebbingsem@yolasite.com,Male,A6-C6-1C-24-A1-E2,7366 Aberg Point,667-256-7246
528,Greenlam,kjennionsen@msn.com,Female,F4-C3-EB-F4-3E-D4,04 Mifflin Way,552-293-4567
529,Fintone,kclooneyeo@bigcartel.com,Male,52-36-CD-6E-1A-39,791 Vera Court,879-692-5192
530,Trippledex,etiffanyep@house.gov,Male,D2-DB-5D-3E-F2-FD,04447 Lien Junction,576-519-7335
531,Daltfresh,ldennehyeq@weather.com,Male,5A-75-37-45-2D-5F,0 Jana Park,824-582-2765
532,Sub-Ex,patcocker@home.pl,Female,CB-FE-35-AF-56-BC,421 Holy Cross Park,214-749-0597
533,Voyatouch,atettleyes@ebay.com,Male,66-86-96-7F-FF-FA,62485 Dunning Circle,269-758-4843
534,Tres-Zap,tbampkinet@ft.com,Female,9E-7D-F1-02-52-3C,55520 Waxwing Center,929-610-8097
535,Bytecard,mburteu@marriott.com,Male,70-3D-1B-4B-12-1E,624 Kingsford Road,574-138-5056
536,Sonsing,esynnotev@cmu.edu,Female,05-7B-5D-5B-BC-F2,6 Corscot Road,198-253-1825
537,Span,bgiacomucciew@intel.com,Female,A0-F5-E6-A4-11-20,33 Tomscot Crossing,446-357-4566
538,Tresom,gbailissex@shinystat.com,Female,C6-1A-35-4C-5F-F7,7527 Sullivan Park,796-554-9103
539,Bigtax,cpalumboey@tuttocitta.it,Male,51-68-23-DB-BF-F7,36266 Prairie Rose Drive,454-159-9160
540,Zaam-Dox,abeddingez@cdbaby.com,Female,BF-65-1A-54-37-C4,3766 Buhler Junction,683-851-5224
541,Rank,mmcphillimeyf0@github.com,Male,76-11-97-21-BC-D5,75 Forest Alley,234-980-2898
542,Tres-Zap,rbruffellf1@bandcamp.com,Female,45-56-DD-9D-F3-06,88 Donald Plaza,619-401-1437
543,Sonair,lstarmerf2@buzzfeed.com,Male,03-80-E3-8D-FC-46,5 Prairieview Drive,210-215-7995
544,Cookley,ltynanf3@dmoz.org,Female,EE-0F-39-2B-EE-77,7 Fairview Alley,150-881-9420
545,Holdlamis,pfurmongerf4@macromedia.com,Male,FF-D6-74-51-96-A3,496 Buell Circle,362-658-1174
546,Stringtough,mfortief5@europa.eu,Male,12-05-6D-D6-42-27,89 Clyde Gallagher Terrace,478-536-2540
547,Cardify,sburginf6@uiuc.edu,Male,1D-56-33-FD-4C-BC,3231 Melrose Pass,921-800-0082
548,Sonair,gbutterworthf7@phpbb.com,Male,C5-54-79-DB-2A-CE,94758 Raven Point,904-251-4065
549,Alpha,rdodgef8@whitehouse.gov,Male,D9-32-98-54-BF-B1,1359 Mockingbird Park,828-987-5228
550,Daltfresh,nkleinpeltzf9@51.la,Male,3F-AC-95-E8-13-42,41800 Center Trail,712-962-1875
551,Greenlam,mpeacefa@mediafire.com,Male,13-DD-CF-49-73-D5,11305 Jana Avenue,991-963-5112
552,Asoka,gothenfb@google.de,Female,84-7B-47-FD-9C-79,84469 Mendota Hill,542-817-7664
553,Tres-Zap,cgeeritsfc@deviantart.com,Male,CB-E3-A2-7A-0B-7F,1916 Carpenter Avenue,565-370-5606
554,Sub-Ex,fbullockefd@jalbum.net,Female,43-11-F4-77-30-1A,9 Dawn Circle,122-235-5226
555,Aerified,sivashchenkofe@dedecms.com,Male,AD-15-DA-58-CE-B6,6894 Spenser Hill,263-193-1372
556,Gembucket,mgniewoszff@go.com,Male,0B-32-BE-4B-B1-9B,7016 Shopko Plaza,962-244-2258
557,Konklux,gelldredfg@dagondesign.com,Female,B7-5D-8F-AF-7C-6D,59408 Pawling Circle,802-560-7145
558,Cardguard,wtewnionfh@photobucket.com,Male,21-EB-26-90-88-74,80 Carberry Avenue,661-735-0918
559,Zoolab,sgorriessenfi@springer.com,Male,6D-9F-E1-CC-A4-27,2 Ronald Regan Road,974-543-3232
560,Prodder,bredmillefj@twitpic.com,Female,62-68-7D-07-54-66,0 Badeau Alley,124-144-9301
561,Cookley,drentenbeckfk@mysql.com,Male,20-46-73-08-91-54,5927 Roth Center,629-784-8497
562,Opela,hgoodsallfl@virginia.edu,Female,67-D1-66-DC-D1-A1,71199 John Wall Drive,258-329-5912
563,Mat Lam Tam,bgellingfm@a8.net,Male,05-4F-4E-99-75-D6,92 Little Fleur Avenue,725-679-2321
564,Solarbreeze,vdysonfn@blogs.com,Female,AA-77-A7-BF-E0-41,96113 Dryden Alley,203-324-5794
565,Cardify,esidlefo@networksolutions.com,Male,36-66-EA-A4-DC-C1,76450 Hazelcrest Alley,354-576-9998
566,Home Ing,rswaloughfp@gizmodo.com,Male,12-93-16-6B-9E-BA,52594 Ruskin Center,521-165-2629
567,Ronstring,tbronotfq@craigslist.org,Male,8C-4E-16-32-F6-D9,072 Center Park,686-972-9560
568,Alpha,haslingfr@cornell.edu,Female,05-BB-AD-F3-4C-B7,00 Miller Center,900-688-7658
569,Trippledex,jsheddenfs@businesswire.com,Male,53-A0-F4-6A-A6-35,7451 Del Sol Place,631-641-5443
570,Aerified,kofarrellft@nasa.gov,Female,14-6A-2A-8D-81-F3,7431 Marcy Pass,243-391-6305
571,Sonair,wircefu@state.tx.us,Male,99-6F-45-BD-8A-44,05 Bashford Center,664-944-2982
572,Latlux,ngirardotfv@adobe.com,Male,C3-EB-F1-F9-B5-62,9 1st Point,913-369-6827
573,Sonsing,kgounetfw@intel.com,Male,9D-64-63-5B-0B-AD,3185 2nd Lane,105-617-0253
574,Span,mthunderfx@google.com,Female,0D-D1-5B-6F-67-3F,1 Hansons Parkway,465-849-4054
575,Cardguard,bbourdasfy@istockphoto.com,Female,D3-46-DE-76-F0-34,2 Scofield Parkway,331-907-2883
576,Stronghold,clarmouthfz@barnesandnoble.com,Male,0B-B7-C7-5D-A7-D2,25 Waywood Avenue,559-678-6409
577,Job,ddekeyserg0@elpais.com,Female,4F-18-31-49-35-23,1 Mccormick Crossing,255-428-0194
578,Gembucket,mhellardg1@booking.com,Male,C6-E3-2A-AC-CA-B7,3 Kensington Alley,691-613-0162
579,Konklux,bhehlg2@cmu.edu,Male,14-D5-AC-DA-CD-03,53362 Northwestern Center,607-796-8899
580,Zontrax,jpiquardg3@msu.edu,Female,EF-7C-6E-25-10-19,236 Kingsford Court,983-422-0261
581,Mat Lam Tam,hwillimottg4@usgs.gov,Female,43-47-15-37-73-22,86845 Walton Road,808-375-1281
582,Rank,pgrasg5@businessinsider.com,Female,49-D8-CF-2D-9D-7F,7 Summer Ridge Circle,275-368-9714
583,Greenlam,rboarleysong6@nasa.gov,Male,F7-AA-CC-48-7C-BA,6796 Sachs Pass,649-238-0878
584,Tres-Zap,hjoireg7@stanford.edu,Male,2A-F6-47-18-FB-AE,87 Summer Ridge Trail,396-961-3727
585,Wrapsafe,remblemg8@dagondesign.com,Female,80-DC-52-8B-19-28,945 West Parkway,196-213-3028
586,Stronghold,acampanellig9@ehow.com,Male,4D-28-4B-C5-F2-70,473 Weeping Birch Park,726-973-6327
587,Sub-Ex,rogleasanega@mediafire.com,Female,58-C2-8D-5C-8F-A1,6176 Green Point,152-661-6441
588,Bamity,cdanielskigb@phoca.cz,Female,0C-45-A6-24-02-26,7808 Sommers Junction,198-577-1589
589,Cardguard,fmerrywethergc@360.cn,Female,97-5D-AD-C3-B4-1E,300 Gateway Junction,536-122-9624
590,Fix San,ireskellygd@list-manage.com,Male,69-1A-A2-77-F2-93,84083 Maywood Trail,714-244-7152
591,Zaam-Dox,sskelcherge@netscape.com,Male,28-74-B9-D4-AF-76,9355 Dayton Street,476-432-3780
592,Bytecard,sfaldoegf@patch.com,Female,0B-C2-94-A0-50-E5,18544 Springs Parkway,798-918-2649
593,Toughjoyfax,cnorthcliffegg@boston.com,Male,96-E9-E8-D0-F3-0A,492 Holy Cross Parkway,342-746-8022
594,Zathin,csnoadgh@salon.com,Male,DD-A5-D3-5C-A3-61,1 Bluejay Drive,588-794-9005
595,Vagram,messergi@usda.gov,Female,89-2D-66-43-4B-8D,3 Shelley Pass,261-605-6225
596,Sonsing,cholleringj@blogtalkradio.com,Male,53-A1-41-85-AB-86,7746 Orin Plaza,115-271-9412
597,Asoka,pdanbrookgk@berkeley.edu,Male,E3-AF-AD-2C-B0-9A,903 Alpine Avenue,625-500-5151
598,Greenlam,mmarskellgl@pagesperso-orange.fr,Female,8A-22-2F-DB-DF-6C,204 Superior Point,348-217-5415
599,Overhold,ckonradgm@auda.org.au,Male,63-38-DB-50-63-3F,5 Kennedy Point,704-913-8144
600,Greenlam,bdelacourtgn@rakuten.co.jp,Female,8D-F1-60-67-E7-5F,7 Donald Point,508-215-7777
601,Alpha,atrotmango@mac.com,Female,65-D3-6E-16-6B-95,262 Del Sol Crossing,506-158-7513
602,Otcom,vbestongp@mayoclinic.com,Female,85-62-92-CD-FC-B2,44 Fallview Street,124-291-5134
603,Biodex,ecasinegq@scientificamerican.com,Male,BC-25-3F-59-5D-2C,7 Green Way,551-814-1770
604,Job,dgilligr@w3.org,Male,E9-91-B5-A0-B0-CE,7638 Hauk Street,919-119-6743
605,Asoka,npollackgs@elegantthemes.com,Male,93-9E-60-6B-3A-F1,16 High Crossing Point,773-655-2841
606,Tampflex,djonathongt@google.co.jp,Female,75-5B-2D-58-EE-FE,488 Hallows Park,649-453-4416
607,Ronstring,ddutnallgu@zimbio.com,Male,C9-34-9F-1B-4E-FA,266 Mesta Way,282-612-2558
608,Stringtough,bdrinkallgv@pagesperso-orange.fr,Male,0E-C0-1A-85-2F-B0,24 North Avenue,246-881-2466
609,Kanlam,zbaseliogw@yandex.ru,Female,67-57-05-EE-33-55,0412 Arrowood Junction,391-528-0712
610,Sonair,astrahangx@histats.com,Male,81-0C-4B-E4-33-95,987 Corry Lane,312-329-5277
611,Holdlamis,ekoppesgy@pbs.org,Male,D0-7C-17-F3-6D-20,6468 Moulton Junction,865-507-4033
612,Wrapsafe,rwinchcumgz@telegraph.co.uk,Female,40-76-58-D3-F1-03,63131 Ridgeway Parkway,158-814-9632
613,Mat Lam Tam,vcockhillh0@flickr.com,Male,31-52-8E-7D-EB-0A,602 Prentice Circle,701-730-3905
614,Bigtax,hdeluzeh1@mlb.com,Female,D1-A2-BC-75-3B-7E,61294 Ridgeway Court,878-606-6809
615,Duobam,kodugganh2@disqus.com,Male,E4-82-02-DD-95-2A,056 Debs Crossing,374-721-3596
616,Zontrax,tsitwellh3@home.pl,Male,41-46-02-B6-58-9D,62 Melvin Alley,604-501-4617
617,Tresom,yputlandh4@sciencedaily.com,Female,B2-1F-35-C9-66-82,935 Red Cloud Pass,537-103-7432
618,Tin,aleadstonh5@163.com,Female,53-00-2A-F3-B9-2F,4111 Laurel Terrace,211-262-7810
619,Toughjoyfax,bmerringh6@51.la,Male,DA-5F-75-73-44-B4,45 Valley Edge Terrace,460-507-5092
620,Fixflex,jandrolih7@plala.or.jp,Male,55-33-7F-62-67-51,21 Di Loreto Park,368-249-3885
621,Namfix,smeaderh8@si.edu,Female,3E-53-E2-E5-74-14,598 Roth Parkway,404-122-2894
622,Regrant,cnelmh9@lycos.com,Male,69-D0-46-5D-86-C0,7433 Roxbury Park,685-967-2378
623,Tresom,fhaldeneha@amazon.co.uk,Male,EF-87-59-3D-A3-D8,2 Prairie Rose Crossing,959-545-2600
624,Y-find,abazirehb@issuu.com,Male,52-74-DC-53-06-5A,2 Rieder Alley,264-332-2021
625,Fixflex,jchisnellhc@shareasale.com,Male,F7-85-AF-01-F9-15,6 Transport Road,271-229-2463
626,Keylex,astockauhd@jiathis.com,Female,2E-87-04-F1-F7-0F,480 North Circle,410-435-8646
627,Domainer,breckehe@google.com,Male,CB-35-CA-B6-58-7F,2719 Knutson Street,968-214-5414
628,Zoolab,beastwellhf@w3.org,Male,16-1A-18-2E-33-74,01 Corscot Center,415-360-7226
629,Daltfresh,ldowkerhg@gravatar.com,Female,B9-0C-E4-5D-5B-19,0 Old Gate Place,777-707-1800
630,Vagram,jaucockhh@msn.com,Female,76-F6-B6-D5-69-63,9939 Namekagon Terrace,845-919-2295
631,Viva,lkittelhi@intel.com,Female,00-C7-28-0E-87-CA,6 Park Meadow Alley,548-208-0124
632,Fixflex,rrickardeshj@prlog.org,Female,46-E1-86-C4-C9-3D,4829 Surrey Junction,238-323-6672
633,Overhold,ndemicolihk@imdb.com,Male,09-48-D3-3D-C9-E1,78 Lillian Avenue,976-120-3792
634,Voltsillam,bciccihl@tmall.com,Male,8E-32-F3-26-D7-88,3464 Sunnyside Trail,623-518-4110
635,Gembucket,fkerinhm@hostgator.com,Male,37-C2-AC-0F-72-10,674 Oak Pass,233-601-4968
636,Wrapsafe,lstampshn@msn.com,Female,04-7C-A4-42-C7-22,65526 Caliangt Circle,253-650-3670
637,Otcom,nstyanho@amazon.de,Female,15-0C-61-DD-DD-7A,10731 Tennessee Terrace,619-863-3029
638,Bytecard,mbumfreyhp@surveymonkey.com,Male,9C-6F-E7-B8-9A-B4,91924 Eastwood Circle,609-896-8400
639,Y-Solowarm,adankhq@digg.com,Female,F5-ED-EE-36-4E-FA,97739 Fair Oaks Alley,217-262-6468
640,Konklux,ledwardshr@google.com.hk,Female,2F-E5-53-33-07-15,9176 Vera Trail,713-623-3352
641,Span,gsmedmorehs@moonfruit.com,Male,21-DD-7F-2B-E3-10,63541 Donald Road,762-390-1546
642,Cookley,rclaypooleht@ovh.net,Male,E3-78-B1-FC-D7-BF,64057 Oak Crossing,953-974-9615
643,Namfix,rgladtbachhu@w3.org,Female,72-21-47-CA-B3-F1,15 Pawling Hill,653-700-5559
644,Tempsoft,bbuxeyhv@purevolume.com,Female,FA-E7-6D-BB-78-43,83 Kinsman Avenue,221-404-1167
645,Aerified,cpetyakovhw@purevolume.com,Female,1D-4D-2F-8C-7A-C1,2649 Blue Bill Park Center,853-525-7263
646,Transcof,ibelseyhx@va.gov,Female,F4-7B-C8-1F-CC-D7,5233 Warrior Park,199-100-9657
647,Keylex,nbargehy@blog.com,Male,17-37-A6-39-EC-07,85379 Artisan Park,548-484-3428
648,Vagram,tgifkinshz@home.pl,Male,66-2B-9D-4E-06-D2,9 Magdeline Lane,318-232-4186
649,Alpha,ugrigoirei0@google.ca,Female,D8-D5-8F-8E-B5-F3,15623 Nova Court,713-786-5764
650,Sonair,ttighti1@dropbox.com,Male,E5-3C-6D-2E-0B-F7,59 Myrtle Pass,409-857-9519
651,Regrant,dfookesi2@hostgator.com,Female,75-EE-D8-C9-A0-60,9969 Scofield Parkway,685-407-3907
652,Kanlam,cgrimestonei3@cnbc.com,Male,5A-31-90-AF-9C-56,8989 Hintze Road,340-715-6892
653,Ventosanzap,bcreadyi4@telegraph.co.uk,Female,DA-02-2F-2C-6F-71,434 Bowman Pass,751-174-6553
654,Y-Solowarm,shachei5@whitehouse.gov,Male,FF-60-6C-0B-8A-39,965 Upham Lane,440-525-9896
655,Veribet,aklusi6@newsvine.com,Male,C4-69-76-4A-F9-D0,03 Lake View Crossing,406-140-5225
656,Trippledex,cgyurkoi7@upenn.edu,Female,CD-CA-2F-7B-4A-39,9809 Debra Center,420-272-1099
657,Bigtax,mminkini8@tiny.cc,Male,4F-42-C9-AC-A9-EA,0780 Westerfield Point,414-506-9670
658,Kanlam,cdowseyi9@taobao.com,Male,50-85-70-B2-EE-A5,03735 Westend Lane,992-292-1222
659,Zontrax,hnewisia@cbc.ca,Male,D4-3F-C6-D7-29-B0,70 Blaine Avenue,453-489-0999
660,Tin,cstittleib@nymag.com,Female,76-D3-99-97-FC-1A,4 Waxwing Point,313-367-3445
661,Alpha,lcourteseic@hao123.com,Female,2A-A0-CC-1C-EF-31,94542 Holmberg Crossing,144-917-4905
662,Tresom,sbartoszewiczid@epa.gov,Male,22-41-57-6E-9C-6C,91 Walton Park,989-319-7579
663,Tampflex,cstrowanie@4shared.com,Female,F9-AD-08-30-BF-6E,8 Main Place,475-647-1378
664,Keylex,tparchmentif@pen.io,Female,07-DB-68-92-77-34,98686 Weeping Birch Way,930-919-2865
665,Stim,geighteenig@yahoo.co.jp,Female,BE-C4-BC-4C-93-9B,5 Pennsylvania Crossing,884-947-7271
666,Cookley,mdillicateih@ted.com,Male,7E-F3-E3-0A-10-64,6 Main Terrace,197-729-1819
667,Overhold,ncoddringtonii@goodreads.com,Female,E1-B3-9F-AB-87-A0,96 Starling Drive,202-227-0682
668,Overhold,efullstoneij@skyrock.com,Male,27-1B-6E-ED-F1-F0,0845 Delladonna Pass,391-660-4279
669,Bitwolf,nkennfordik@jigsy.com,Female,05-B1-D1-99-99-F9,40114 Hanover Junction,658-240-9139
670,Fix San,maitkenil@gov.uk,Female,F5-03-9A-C5-61-1D,9 La Follette Plaza,627-984-5435
671,Cookley,kbiskupim@mail.ru,Female,95-C1-E3-7A-A6-E1,41 Jana Terrace,501-207-6921
672,Regrant,gbertelmotin@who.int,Male,92-16-5C-2C-CA-3F,4781 Montana Avenue,226-249-1293
673,It,kkirkbrideio@fema.gov,Male,CD-9C-C1-26-3B-B5,054 Cardinal Place,864-187-1809
674,Pannier,ihyronsip@fastcompany.com,Female,DC-95-55-50-AC-E5,5863 Luster Court,209-362-5315
675,Mat Lam Tam,delmariq@macromedia.com,Male,C3-6F-DD-31-36-64,4 Loeprich Crossing,382-759-8372
676,Gembucket,ddimmickir@hc360.com,Male,32-0E-3A-F9-6A-98,9187 Artisan Park,203-177-9628
677,Tin,tharrawayis@zdnet.com,Male,2E-90-00-72-7A-0B,1610 Stephen Avenue,632-767-4754
678,Ventosanzap,cdorrinsit@cmu.edu,Female,72-87-67-B3-43-6E,2 Ronald Regan Plaza,604-368-0616
679,Regrant,hsheringtoniu@arizona.edu,Female,5D-61-54-E8-22-14,61 Mccormick Place,123-248-7748
680,Otcom,mrichfieldiv@surveymonkey.com,Male,E4-E2-AF-92-91-BA,5665 Buhler Center,126-715-0292
681,Stringtough,ncraykeriw@github.com,Male,45-FF-8F-53-3D-0B,67 Melody Court,393-484-0361
682,Otcom,wfleethamix@prnewswire.com,Male,36-30-14-46-81-AD,9476 Springs Street,951-146-9025
683,Voyatouch,egajewskiiy@wp.com,Male,38-06-10-22-9D-D4,2186 Prairieview Place,681-420-5501
684,Rank,ebunneriz@reddit.com,Male,04-86-A9-3F-58-6C,1 Thackeray Park,500-836-6002
685,Bigtax,oivchenkoj0@myspace.com,Female,76-EC-63-A6-A5-BD,5019 Vahlen Alley,267-762-5514
686,Konklab,ddrieuj1@studiopress.com,Male,B8-AE-5F-43-C3-44,32137 Vera Point,193-965-7483
687,Konklab,mferraresij2@nps.gov,Female,56-9B-D8-00-96-C7,206 Gateway Park,631-631-5027
688,Flowdesk,hspancockj3@newsvine.com,Male,DF-47-E7-8F-6D-5F,5 Knutson Avenue,493-158-6948
689,Regrant,gcollumbellj4@newsvine.com,Male,69-A5-E7-2C-61-26,8 South Street,773-517-9600
690,Sonair,jstempj5@ibm.com,Male,E8-87-13-17-EA-60,8899 Westridge Alley,269-174-0973
691,Veribet,rhabronj6@booking.com,Female,BB-30-F0-62-8B-AA,0810 Independence Terrace,957-429-2926
692,Hatity,cshackletonj7@columbia.edu,Male,D4-37-D8-FF-40-7F,6831 Calypso Point,943-567-2123
693,Voyatouch,ecaytonj8@youtube.com,Male,C7-84-89-05-2D-02,8 Barby Lane,504-769-9102
694,Tempsoft,fsabaterj9@xing.com,Female,EF-3D-72-83-30-46,5 American Park,623-224-5453
695,Cardify,swhitmoreja@va.gov,Male,83-BF-8B-1B-7A-D3,86690 Pearson Plaza,571-855-7557
696,Regrant,efisbeyjb@adobe.com,Male,92-F5-C3-11-78-04,31586 Trailsway Parkway,805-559-6747
697,Mat Lam Tam,ltoderinijc@thetimes.co.uk,Female,31-6D-0F-1F-E4-AB,20882 Springs Junction,161-192-2634
698,Home Ing,lsydalljd@sciencedirect.com,Female,C8-3B-02-F4-CC-50,0376 Lakeland Avenue,220-753-7514
699,Lotlux,gsaggersje@gravatar.com,Male,CA-FD-68-F5-50-5B,2930 Marquette Park,289-283-4679
700,Treeflex,mbrunellijf@mit.edu,Female,6C-3E-2B-B0-4D-7A,8 Corscot Point,491-115-2228
701,Bamity,lcauthrajg@toplist.cz,Male,5F-95-00-66-2B-37,98 Autumn Leaf Junction,459-100-5985
702,Namfix,fsherstonjh@uiuc.edu,Female,00-65-45-93-17-BE,103 Del Sol Way,529-948-1291
703,Gembucket,adematteiji@apache.org,Female,B2-49-34-96-F2-29,92369 Valley Edge Point,292-496-7233
704,Cookley,amoresidejj@dropbox.com,Female,1B-FC-B9-CD-B1-40,526 Hazelcrest Point,525-666-0159
705,Home Ing,sfrostdickjk@rambler.ru,Female,5C-CF-88-B3-E5-13,43 Caliangt Road,791-949-7526
706,Bytecard,rinkinjl@msu.edu,Female,03-7D-80-30-E9-40,52726 Raven Plaza,448-939-2415
707,Domainer,bisgarjm@surveymonkey.com,Male,25-F8-3F-D2-D6-35,203 Novick Court,832-629-2415
708,It,adelgardillojn@fc2.com,Female,F8-6C-E1-AE-A9-40,00828 West Street,747-283-4462
709,Duobam,sjermanjo@cbslocal.com,Female,E8-4F-47-AD-41-3B,91 Messerschmidt Place,233-102-7427
710,Alphazap,cinnesjp@dropbox.com,Female,B6-67-F8-8F-C4-7D,562 Jenifer Junction,116-573-4496
711,Bytecard,lgorkejq@ucsd.edu,Female,6B-5B-8C-A3-D1-64,10 Alpine Park,896-665-7435
712,Zaam-Dox,svittorijr@twitter.com,Female,71-33-79-5C-4E-61,20083 Pearson Junction,144-700-1036
713,Asoka,aswindenjs@hatena.ne.jp,Female,2B-BC-2F-50-BA-78,9586 Dapin Terrace,746-944-0793
714,Duobam,jcaddickjt@360.cn,Male,E4-1F-80-81-FE-01,0 Sloan Junction,843-562-5339
715,Tin,cmangamju@studiopress.com,Female,F4-DD-3F-F9-D1-79,49 Riverside Junction,613-922-4569
716,Quo Lux,gdarvillejv@forbes.com,Female,F1-CE-FF-3B-89-FE,5 Goodland Circle,824-735-6237
717,Fixflex,nslatenjw@sciencedaily.com,Male,C2-31-0D-26-AF-A6,2 Moland Center,552-663-1183
718,Daltfresh,dranaldjx@bloglovin.com,Male,29-F7-1C-A0-45-62,7895 Maple Crossing,604-546-7275
719,Daltfresh,nounsworthjy@flavors.me,Male,C9-57-1C-FF-B1-4E,75802 Village Green Avenue,930-364-1990
720,Job,acracknalljz@wikia.com,Female,E3-F9-9C-E1-DB-F5,1 Portage Avenue,991-797-7761
721,Y-find,cmanhoodk0@mysql.com,Female,1E-9C-EC-A7-16-28,5833 Killdeer Plaza,549-485-1716
722,Lotlux,ktutchingsk1@1688.com,Male,08-F5-20-D5-E7-1B,4 Graceland Terrace,820-394-9596
723,Bitchip,vhanhardtk2@usnews.com,Female,3E-C7-D4-25-DC-38,35206 Green Ridge Hill,868-599-5487
724,Konklab,khewinsk3@newyorker.com,Male,CB-02-7B-B4-F7-75,6 Mockingbird Avenue,442-310-9278
725,Tampflex,cbrugdenk4@shinystat.com,Male,CE-FF-6B-9E-C6-14,967 Hansons Junction,617-377-2649
726,Stim,kattrydek5@smugmug.com,Female,64-6E-EB-BC-6E-8D,593 Hooker Place,804-937-5858
727,Matsoft,dgillowk6@eventbrite.com,Male,B5-5D-B7-02-A1-08,735 Heath Plaza,604-374-9720
728,Mat Lam Tam,bpacquetk7@cisco.com,Male,87-D1-37-BC-B1-17,558 Petterle Junction,910-902-5706
729,Aerified,dkobielak8@newyorker.com,Male,DA-F2-53-6B-93-9C,5061 Transport Plaza,240-695-2517
730,Zathin,fteggink9@huffingtonpost.com,Female,48-99-E5-74-68-C6,8541 Mosinee Park,698-110-8055
731,Flowdesk,dtennantka@w3.org,Female,AE-FD-8D-DC-0E-CB,361 Ludington Street,405-504-0114
732,Toughjoyfax,cwormskb@xing.com,Male,6B-C7-31-6C-3E-96,96878 Onsgard Trail,409-355-6539
733,It,bfursekc@hud.gov,Female,B0-57-29-78-10-C2,512 Clyde Gallagher Avenue,483-882-1193
734,Tresom,ppegrumkd@ow.ly,Female,37-41-B7-09-32-AD,95 Esker Road,752-365-1538
735,Treeflex,mchestleke@t-online.de,Male,E3-34-A4-BF-AA-C1,6560 Independence Road,155-195-8191
736,Tin,brandalstonkf@com.com,Male,57-7F-A8-75-B4-49,82 Pine View Circle,976-958-4966
737,Daltfresh,asouthallkg@t-online.de,Male,09-52-A1-8B-E6-51,59 Cody Pass,191-650-2966
738,Sonair,tblackerkh@mapquest.com,Female,0A-6C-36-7B-D7-82,2292 Manufacturers Avenue,999-586-0250
739,Vagram,jpadefieldki@about.me,Female,98-29-C3-DB-47-F4,141 Lake View Street,571-599-1066
740,Zaam-Dox,fpershousekj@photobucket.com,Female,1F-0F-85-7D-C2-D6,6 American Road,889-636-6452
741,Treeflex,rphidginkk@histats.com,Male,3F-D2-3B-53-70-62,402 Cody Court,601-354-7739
742,Konklab,wcoughankl@uiuc.edu,Male,E3-03-C7-39-70-6D,9 Gulseth Drive,830-100-6916
743,Cardify,lridgedellkm@upenn.edu,Male,4D-28-21-A7-F3-9D,98918 Schiller Terrace,735-827-7733
744,Otcom,afriftkn@de.vu,Female,EB-D5-20-CC-B8-03,9667 Sommers Avenue,623-715-5300
745,Lotlux,bdettmarko@blog.com,Male,78-F9-44-F2-6D-EE,71738 Arkansas Hill,178-831-4707
746,Kanlam,cmcgilvarykp@comsenz.com,Female,F0-3D-38-68-60-F5,67356 Miller Pass,789-601-4151
747,Prodder,rmushetkq@digg.com,Male,F9-33-14-EA-35-22,6800 Ilene Center,233-448-3713
748,Voyatouch,bmattiazzikr@google.com.au,Female,7A-8D-8E-B4-6F-0A,695 Bonner Circle,907-496-6176
749,Alphazap,isaintpierreks@utexas.edu,Male,93-39-71-62-AE-EC,9 Columbus Terrace,777-878-0826
750,Asoka,jyanovkt@moonfruit.com,Male,A3-10-FA-40-06-C4,92 Anzinger Road,452-662-1497
751,Holdlamis,lsruttonku@devhub.com,Male,BC-D6-77-AA-C6-9E,8974 Kingsford Park,359-341-5238
752,Zaam-Dox,hkrammerkv@ca.gov,Female,7E-18-61-3E-BA-A3,0985 Monterey Plaza,686-804-6076
753,Veribet,wmcgormankw@ft.com,Male,A1-96-03-17-47-08,5914 Fordem Avenue,431-866-7381
754,Sub-Ex,ahartfordkx@4shared.com,Male,40-9F-E4-71-31-27,508 Surrey Court,226-128-5142
755,Asoka,jheathwoodky@sitemeter.com,Male,10-85-CD-D8-60-B0,340 Menomonie Junction,142-857-0193
756,Andalax,ijunkinsonkz@biblegateway.com,Male,B4-98-3C-F4-17-05,18 2nd Place,630-230-6365
757,Greenlam,wastridgel0@nytimes.com,Male,96-8D-5C-BE-06-6B,0258 Petterle Pass,148-732-4148
758,Alpha,ayoodalll1@jigsy.com,Female,81-32-60-ED-A8-12,36041 Bluestem Lane,447-511-3414
759,Lotstring,htunnockl2@bandcamp.com,Female,3B-AE-84-29-C7-30,42030 Glacier Hill Park,827-635-2235
760,Duobam,bgauldl3@github.io,Female,C2-F7-E6-E8-F0-93,33955 Shasta Center,301-300-7629
761,Konklux,aargonttl4@printfriendly.com,Female,69-AE-7D-72-91-A6,80059 Superior Drive,418-958-0647
762,Otcom,cwoodsonl5@apache.org,Male,66-03-00-39-D2-6C,4136 Barnett Terrace,485-156-2947
763,Voltsillam,bbywayl6@skype.com,Male,72-B1-E3-44-11-02,797 Moose Pass,774-636-0110
764,Opela,tkillbeyl7@miitbeian.gov.cn,Male,59-F5-72-F9-5D-39,7 West Court,893-784-2776
765,Mat Lam Tam,bpagenl8@sphinn.com,Male,5E-54-D7-6F-70-7F,6109 Farwell Crossing,103-421-4314
766,Zaam-Dox,lpendrighl9@army.mil,Male,EF-0D-58-13-03-90,001 Lighthouse Bay Avenue,315-347-7324
767,Greenlam,krosenbaumla@sogou.com,Female,63-97-EF-7B-31-4F,74 Dwight Drive,332-651-8312
768,Bigtax,tadneylb@goo.ne.jp,Female,35-FD-FA-EA-85-4D,2933 Bobwhite Drive,818-170-6112
769,Tres-Zap,bsparrylc@hexun.com,Male,B6-7C-AC-1B-62-8C,09153 Southridge Pass,501-332-8448
770,Viva,ccosseyld@comcast.net,Male,F7-85-5E-FA-12-39,63986 Caliangt Lane,664-461-8937
771,Job,rpilbeamle@smugmug.com,Male,E7-47-00-91-2B-B0,4752 Hayes Street,243-496-7939
772,Andalax,ktanslylf@bloomberg.com,Male,6D-6D-12-BF-58-D4,14 Anderson Lane,378-353-7896
773,Vagram,mdennelg@joomla.org,Male,2C-43-4C-9A-61-A9,96 Northwestern Crossing,934-533-2570
774,Toughjoyfax,kmiroylh@weibo.com,Male,DA-1F-B2-E4-A5-E4,0 Hoepker Lane,632-195-2892
775,Zathin,vjohananoffli@altervista.org,Female,39-AD-14-E9-6C-50,32038 Sycamore Hill,836-748-6931
776,Alpha,ckenewelllj@goodreads.com,Male,D7-2B-BD-67-F7-07,199 Bowman Point,300-494-0027
777,Bamity,cbourdonlk@bizjournals.com,Female,EA-12-92-F3-3D-F8,07776 Donald Point,361-209-0877
778,Home Ing,skidmanll@google.co.uk,Female,D0-71-7D-D9-94-CD,352 Bowman Trail,303-882-6240
779,Ventosanzap,tbeardalllm@zdnet.com,Female,A3-48-E8-EA-79-F1,4103 Dryden Park,662-346-0786
780,Voyatouch,rshillitoln@adobe.com,Female,45-96-79-24-49-97,2104 Anthes Place,359-725-0788
781,Andalax,bgeffelo@senate.gov,Male,EA-72-28-B5-E2-37,61 Loftsgordon Park,256-702-0811
782,Tresom,mpolinlp@lulu.com,Male,8B-42-85-F9-FE-AC,50033 Lake View Terrace,858-618-4445
783,Wrapsafe,zfishburnlq@dagondesign.com,Male,90-0A-23-6E-61-45,479 Jana Alley,447-665-2628
784,Domainer,awoodsonlr@vistaprint.com,Female,FF-C6-88-36-85-4C,4130 Chive Center,354-519-0908
785,Bigtax,wgrundyls@seattletimes.com,Male,91-5F-5A-0B-F6-06,19 Old Shore Junction,931-355-9294
786,Flexidy,rfeigelt@yellowbook.com,Female,F1-DD-14-00-39-DD,2 Weeping Birch Street,696-304-0391
787,Flowdesk,ifarrlu@woothemes.com,Male,04-CB-E4-9E-6C-68,51088 Chive Trail,110-752-3730
788,Y-Solowarm,bgendrichlv@wikia.com,Female,8E-95-83-38-59-72,6442 Onsgard Drive,346-959-0432
789,Hatity,wskelhornlw@ucsd.edu,Female,C7-C3-94-DF-C0-E3,2 Reinke Circle,218-604-5020
790,Span,handricklx@salon.com,Female,A6-8F-10-35-9E-40,478 Doe Crossing Way,639-107-4899
791,Kanlam,kmaunderly@wikipedia.org,Male,C9-DD-62-D6-E5-B9,86 Forest Run Place,790-158-7956
792,Sub-Ex,bforsydelz@bing.com,Male,BC-60-E3-F6-81-26,59288 Hanson Park,948-454-2147
793,Kanlam,clydonm0@shareasale.com,Male,64-7D-7C-0B-E3-74,2 Heath Hill,563-882-4688
794,Span,fferniem1@samsung.com,Male,2D-F0-7C-1D-D0-F1,434 Utah Trail,212-872-4496
795,Wrapsafe,ctegginm2@howstuffworks.com,Male,5F-76-D3-7A-5F-EC,1575 Waywood Drive,456-590-1200
796,Zontrax,sstedmanm3@is.gd,Female,12-A7-D0-9E-2D-9E,28863 Schiller Court,469-771-7009
797,Stronghold,pvispom4@bluehost.com,Male,D2-C4-25-05-2E-63,12 Forest Dale Junction,518-171-2055
798,Zaam-Dox,zelacoatem5@auda.org.au,Male,5D-89-D1-F6-2F-0E,36 Haas Crossing,150-609-3879
799,Transcof,bmaleckym6@canalblog.com,Female,CE-07-BD-66-9D-43,1 Logan Circle,914-577-0016
800,Fix San,cariasm7@ovh.net,Male,F7-3D-68-A4-24-0B,3451 Twin Pines Crossing,873-422-3638
801,Wrapsafe,dbarlesm8@yolasite.com,Male,20-74-ED-BC-E0-CC,311 Jay Parkway,899-114-5740
802,Stim,jburkerm9@shutterfly.com,Female,10-1A-49-DA-D7-73,9507 Farmco Road,503-608-6484
803,Greenlam,dfogelma@youtu.be,Male,44-30-F8-A6-F9-29,4679 Stephen Hill,792-919-8937
804,Tresom,srochestermb@hugedomains.com,Female,90-B9-70-34-E7-28,01 Hallows Park,763-181-0935
805,Otcom,gplaidmc@goo.ne.jp,Female,61-ED-42-9E-CE-6A,5 Stuart Circle,675-431-7507
806,Tresom,gdorsettmd@cdc.gov,Female,C3-02-9C-5D-CB-B2,45866 Larry Circle,797-160-7174
807,Alpha,tbridgettme@columbia.edu,Female,50-72-10-72-2A-FC,09 Carberry Terrace,944-854-9114
808,Ventosanzap,wrubinfajnmf@psu.edu,Male,E1-10-69-E7-F4-2F,6 Lotheville Alley,527-139-3242
809,Gembucket,vboydlemg@stumbleupon.com,Female,0B-51-AD-68-79-F9,2 Crownhardt Street,810-587-1259
810,Bytecard,ndullingmh@w3.org,Male,A0-31-26-5D-AB-AF,51 Westport Place,331-419-4930
811,Bitwolf,cspinckemi@vk.com,Female,29-0E-2E-A4-07-74,4 Roth Plaza,632-441-9533
812,Tin,mlemerlemj@feedburner.com,Female,2D-73-0F-67-6F-70,997 Cottonwood Avenue,370-653-3559
813,Stronghold,gcheavinmk@odnoklassniki.ru,Male,DA-34-C5-BC-59-1D,2805 Annamark Trail,748-772-8243
814,Span,rhaysmanml@github.io,Male,A0-10-C5-E4-5F-43,86845 8th Court,598-583-3119
815,Fix San,dmavinmm@shareasale.com,Female,4E-07-B6-8B-32-9B,30 Main Place,814-348-3651
816,Viva,awildeymn@a8.net,Female,A5-88-73-7F-39-0E,305 Stone Corner Way,561-774-8797
817,Asoka,wnevetmo@reference.com,Female,47-E6-4E-36-1A-07,86 Anniversary Alley,108-194-1841
818,Overhold,cfishbournmp@mysql.com,Female,00-13-BC-BD-11-AC,4255 Erie Street,841-519-7305
819,Greenlam,fcoastmq@google.es,Female,69-22-B0-4B-64-EB,12 Prairie Rose Street,961-468-0609
820,Rank,estroudmr@blog.com,Male,99-9C-3B-A2-5C-89,9053 Spaight Parkway,590-116-9809
821,Fix San,ntynanms@pcworld.com,Male,16-F4-71-9A-68-82,227 Cottonwood Trail,192-103-2267
822,Asoka,dscanderetmt@mozilla.com,Male,D7-64-B1-3F-25-F1,034 Harbort Terrace,240-179-6863
823,Trippledex,amilkinmu@liveinternet.ru,Female,57-82-B2-E5-46-CE,444 East Avenue,248-876-5449
824,Regrant,sbeaumentmv@xrea.com,Male,5C-27-92-C6-A3-A7,2806 Farragut Junction,606-829-1463
825,Overhold,gcolbridgemw@apple.com,Female,2F-B6-B7-05-80-22,6 Tomscot Crossing,371-433-2696
826,Cardguard,jmarthenmx@multiply.com,Female,77-49-69-07-AE-68,2886 Nobel Circle,803-148-6569
827,Daltfresh,dmustardemy@php.net,Female,D4-6A-FC-19-5E-6A,8 Mendota Park,370-252-1397
828,Solarbreeze,cspohrmz@omniture.com,Male,38-C1-87-40-4C-19,6671 Maple Avenue,425-936-1842
829,Prodder,gstolbergern0@xrea.com,Male,69-3D-8B-6C-2D-6E,69060 Texas Drive,238-484-1229
830,Zamit,choggann1@whitehouse.gov,Male,75-CD-33-EF-EB-D1,5894 Village Lane,829-379-6559
831,Kanlam,wbushrodn2@ucoz.com,Male,9E-DD-4E-D9-E1-D9,6031 Holy Cross Crossing,814-748-4725
832,Tres-Zap,sgaukrodgen3@twitter.com,Female,5F-D2-ED-C0-F8-AD,59770 Schmedeman Center,601-834-6071
833,Cookley,ywitteringn4@blinklist.com,Male,06-B4-7B-64-2F-3F,67565 Ohio Alley,884-336-4600
834,Lotstring,afarmarn5@ycombinator.com,Male,EB-AF-E9-A3-83-06,86 Vidon Park,799-982-2076
835,Kanlam,egeorgiusn6@wordpress.com,Male,16-AA-74-E5-76-96,76802 Heath Crossing,454-224-5448
836,Greenlam,cpratenn7@nifty.com,Male,6E-69-17-19-0D-E7,4246 Sugar Terrace,440-273-6808
837,Tres-Zap,blacotten8@psu.edu,Male,A7-F9-83-07-A4-25,578 Lakewood Drive,485-126-4977
838,Y-Solowarm,dhearleyn9@canalblog.com,Female,6B-5A-C3-B1-85-D3,584 Lakewood Gardens Place,624-283-9628
839,Home Ing,cworvellna@cafepress.com,Female,F9-D8-9C-1B-C5-94,67 Clyde Gallagher Crossing,761-209-8287
840,Latlux,shullettnb@sina.com.cn,Female,A0-0E-9D-39-80-1F,5784 Logan Road,266-345-8960
841,Bamity,fwerritnc@state.gov,Female,81-1D-86-28-5C-96,14680 West Plaza,252-867-3791
842,Sub-Ex,gastmannd@nhs.uk,Male,12-5D-8D-7A-3C-F4,8256 Portage Pass,592-256-2553
843,Fintone,ccamachone@craigslist.org,Male,43-FE-61-52-97-82,755 Lake View Drive,712-755-5771
844,Transcof,bstidworthynf@hud.gov,Female,D8-9D-ED-7A-25-A7,3 Kensington Drive,111-286-8302
845,Solarbreeze,jlawlandng@adobe.com,Male,32-F5-5B-E1-FB-26,7 New Castle Court,662-928-8379
846,Overhold,lelcoatnh@phoca.cz,Male,3E-09-D0-AC-B3-00,91 Merry Lane,304-625-7071
847,Alphazap,mcrippellni@cmu.edu,Male,11-AB-05-BB-2D-C4,4 Lyons Court,817-600-3443
848,Y-find,atylornj@nature.com,Female,C4-4B-B5-E1-21-EA,3 Summer Ridge Junction,882-433-2720
849,Stim,cbatthewnk@reverbnation.com,Male,E1-1D-76-B8-B8-EB,50 Susan Center,679-668-9534
850,Viva,jmcalisternl@bandcamp.com,Male,28-B2-FA-AD-D9-14,39465 Melby Pass,732-227-7523
851,Sub-Ex,skemingnm@jugem.jp,Female,3E-FB-BE-B8-0F-80,75349 Stang Hill,394-706-2269
852,Otcom,cgogienn@japanpost.jp,Female,DB-A5-3B-4D-A6-29,91221 Graceland Lane,722-174-3174
853,Zathin,smedwellno@xing.com,Female,96-B0-BA-27-E1-D8,79628 Valley Edge Plaza,185-140-9353
854,Lotlux,qeastbynp@cbsnews.com,Female,8B-AF-C2-FC-8F-52,09779 Tennyson Road,899-473-4478
855,Daltfresh,dsucklingnq@tumblr.com,Male,51-AC-74-FA-42-FC,20552 Park Meadow Avenue,571-198-8830
856,Flowdesk,neverardnr@homestead.com,Female,91-1A-85-38-32-08,60322 Express Junction,474-331-2121
857,Kanlam,hcandlishns@amazon.co.uk,Female,C4-1E-DE-A6-62-CE,095 Oakridge Lane,155-183-3180
858,Holdlamis,sshakesbyent@newsvine.com,Male,6E-2E-B2-96-4E-1B,53962 Eggendart Hill,817-600-0533
859,Pannier,ewearnenu@va.gov,Female,B5-D1-5A-56-15-F1,05372 Arizona Pass,892-225-7066
860,Tin,spetrollinv@odnoklassniki.ru,Male,AE-4F-C0-30-96-D3,69141 Magdeline Way,765-895-8258
861,Andalax,cleggatenw@hc360.com,Female,25-43-23-CA-29-D8,0 Del Sol Crossing,885-977-1114
862,Daltfresh,dhatchettenx@ifeng.com,Female,71-A5-35-A6-D7-CD,723 Blackbird Circle,498-789-6692
863,Stronghold,ggorrissenny@ucoz.com,Male,88-4F-56-E4-8E-5B,473 Birchwood Court,843-710-4953
864,Quo Lux,jbanfordnz@loc.gov,Male,46-A2-C4-8B-BF-04,0611 Monument Circle,568-521-7099
865,Matsoft,lbretto0@plala.or.jp,Male,A2-36-34-34-A8-B3,8 Pearson Avenue,975-108-3283
866,Lotlux,hscarseo1@amazon.de,Female,5D-31-59-BE-01-13,7 Portage Court,277-985-1102
867,Span,bdarkoo2@economist.com,Male,F8-56-77-67-6C-37,89342 Florence Alley,441-468-3282
868,Job,amacurao3@cbslocal.com,Female,85-EC-68-9E-1F-DB,55574 Tomscot Drive,645-806-9321
869,Konklab,achasono4@nature.com,Male,1C-E2-9F-5F-DD-BC,2513 Anhalt Road,476-234-2615
870,Fix San,lpetrellio5@reference.com,Female,50-47-C8-AB-FA-C6,33462 Sutherland Parkway,809-804-4821
871,Kanlam,ssiemandlo6@nsw.gov.au,Female,C1-FE-B6-1E-1B-F0,9 Vera Way,642-414-5158
872,Trippledex,tchisletto7@hatena.ne.jp,Female,22-0C-35-7D-FD-63,58 Lunder Hill,133-656-5086
873,Prodder,aelsieo8@booking.com,Male,48-D3-D9-32-9D-33,1604 Bartelt Point,666-646-3345
874,Lotlux,dlangsdono9@tinypic.com,Female,0F-15-F8-02-BF-AB,25625 Mccormick Crossing,192-846-5697
875,Tempsoft,nmacveighoa@wikia.com,Female,08-E5-16-6A-4E-EF,36 Grasskamp Trail,148-809-5273
876,Duobam,izeplinob@va.gov,Male,3D-8D-62-3E-AC-7E,184 Bobwhite Hill,164-287-9439
877,Otcom,hscheuoc@disqus.com,Female,07-C6-25-0F-E2-C6,1406 Novick Trail,467-310-4607
878,Toughjoyfax,oinfanteod@yellowpages.com,Female,11-A9-41-02-CB-08,55142 Macpherson Junction,614-360-5170
879,Greenlam,kbaylessoe@blogs.com,Female,59-4F-DC-09-15-DE,0394 Talmadge Road,381-324-1715
880,Greenlam,mflindallof@cam.ac.uk,Male,AB-EE-69-94-33-94,063 Di Loreto Way,566-500-6562
881,Voyatouch,mwincomog@adobe.com,Female,EB-C5-32-D8-25-4E,9327 East Circle,296-140-9693
882,Keylex,jtarbornoh@discuz.net,Male,FF-A0-F0-20-C6-5A,3606 Golden Leaf Point,194-431-4044
883,Sub-Ex,bmouldingoi@4shared.com,Male,D5-32-BA-2A-29-B8,7574 Darwin Road,509-852-4962
884,Kanlam,grabieroj@vkontakte.ru,Male,0B-DA-54-47-98-AF,98784 Lillian Plaza,633-787-4628
885,Flowdesk,lsergeanok@rambler.ru,Female,8D-B9-0A-51-C9-8F,3 Nancy Road,542-378-9336
886,Sub-Ex,swoolfol@surveymonkey.com,Male,A6-23-1A-98-73-2B,96 Derek Trail,420-512-0274
887,Lotlux,mhazlewoodom@tinypic.com,Female,39-28-EC-05-EA-83,9400 8th Center,464-397-1837
888,Stim,apieraccion@friendfeed.com,Female,CE-84-50-B8-74-CF,2909 Corry Crossing,660-150-7057
889,Wrapsafe,esickamoreoo@tmall.com,Male,D1-8F-EF-91-CF-A7,3590 Vermont Place,760-553-0180
890,Opela,lpettyferop@princeton.edu,Female,C0-8E-ED-E3-34-1B,76 Surrey Court,181-923-1858
891,Y-Solowarm,awinspearoq@linkedin.com,Male,CA-20-0F-22-2D-55,6261 Schmedeman Pass,405-853-3833
892,Zathin,pgutcheror@icq.com,Female,39-ED-E5-81-06-8E,157 Bartillon Place,236-762-5391
893,Tresom,sgrzelakos@cnbc.com,Male,27-CB-86-7A-B0-73,33149 Messerschmidt Terrace,474-916-7087
894,Fixflex,mblatcherot@europa.eu,Female,AB-D3-F5-20-35-F9,5 Menomonie Park,744-926-1666
895,Keylex,pollarenshawou@zdnet.com,Male,61-62-22-87-C8-AB,52680 Grim Place,439-750-4470
896,Job,wfollosov@google.co.jp,Female,4C-26-F6-AF-92-13,2 Utah Terrace,626-509-1807
897,Zathin,tpashleyow@rambler.ru,Female,69-CC-C9-03-7D-7C,51489 Ludington Alley,634-262-3045
898,Keylex,iyvensox@mysql.com,Female,A2-83-98-7F-9A-D6,66 Trailsway Street,259-124-9366
899,Bitwolf,svannuccinioy@hp.com,Male,A2-D9-14-F4-DC-D1,56 Memorial Plaza,651-638-1302
900,Konklux,atschierschoz@springer.com,Male,7D-53-0F-67-8A-15,962 American Ash Crossing,338-574-0291
901,Bitchip,vbladenp0@google.fr,Male,9A-09-6B-28-8D-00,6022 Del Sol Pass,409-682-3922
902,Cardify,asemensp1@google.ca,Male,E5-E7-83-6C-A9-38,83 Carioca Street,665-883-3230
903,Bamity,dmellemp2@github.com,Male,C4-BF-83-CA-2D-31,2720 Oak Lane,733-215-9715
904,Ronstring,srosenzveigp3@washington.edu,Male,D5-48-44-D1-2F-CB,77735 Bluejay Trail,699-144-9909
905,Voltsillam,nrevingtonp4@home.pl,Male,AC-51-2C-B2-8C-57,2 Shoshone Park,747-263-4750
906,Bamity,hisenorp5@xing.com,Male,4B-2C-E4-89-5F-B5,9 Butternut Lane,586-160-5799
907,Bitwolf,kgulcp6@myspace.com,Female,56-B6-FC-AF-C1-05,20007 Lawn Alley,630-159-5906
908,Y-find,brudgardp7@cbslocal.com,Female,96-D3-77-2E-3A-F5,99 Badeau Way,570-306-0608
909,Duobam,parmatysp8@xrea.com,Male,07-DC-23-44-8D-DF,97778 Utah Drive,925-813-8396
910,Aerified,banthoniesp9@infoseek.co.jp,Male,92-07-94-EB-15-F3,5914 Veith Park,205-330-3213
911,Y-find,ahebronpa@tiny.cc,Male,21-FF-29-39-47-39,4 Northfield Alley,122-638-7481
912,Duobam,dshakeladepb@webs.com,Female,A3-C8-50-2A-51-AB,558 Service Hill,710-984-0748
913,Cookley,apenticostpc@earthlink.net,Female,CE-95-39-4F-5F-EA,2 Miller Way,627-366-7236
914,Fintone,qsartinpd@jugem.jp,Male,21-40-29-35-8B-4B,7 Mitchell Avenue,632-352-9206
915,Alphazap,gslorancepe@yahoo.com,Female,55-85-4A-D7-BE-72,66 Veith Junction,981-664-8943
916,Zamit,jmalimpf@nature.com,Male,31-16-68-F7-75-E0,398 Arrowood Way,212-179-5841
917,Asoka,slanslypg@yahoo.co.jp,Male,40-9E-9A-A2-9E-DF,70442 5th Junction,163-268-2087
918,Bytecard,oantognoniph@eventbrite.com,Female,80-BA-15-0A-AE-99,408 Upham Place,384-277-7450
919,Regrant,tbearwardpi@narod.ru,Male,48-52-22-16-70-18,2965 Bluejay Crossing,768-435-0133
920,Alphazap,seborallpj@independent.co.uk,Female,AF-67-25-B0-F5-47,055 Morrow Street,412-947-9580
921,Fix San,ctwinnpk@pen.io,Male,20-CA-45-C6-D3-E3,3 Laurel Place,980-388-2603
922,Ventosanzap,ediglinpl@columbia.edu,Female,A5-56-E2-7B-A0-66,8 Doe Crossing Crossing,474-426-0395
923,Veribet,nlathwellpm@netvibes.com,Male,44-B6-D8-33-FB-A9,4 Orin Parkway,999-716-9406
924,Aerified,rsnapepn@wikia.com,Male,F6-67-E2-A9-8C-DA,25 Rieder Alley,610-321-7152
925,Home Ing,bkenefordpo@list-manage.com,Female,D1-73-0B-46-F5-22,6477 Arizona Junction,566-162-3217
926,Transcof,hslynepp@163.com,Female,ED-F4-D0-57-A6-B8,902 Caliangt Pass,534-209-3842
927,Kanlam,grogetpq@dailymotion.com,Female,97-10-53-63-4C-14,6127 Sunfield Park,713-764-2456
928,Lotstring,nlukinspr@umich.edu,Female,D8-A1-3A-AB-CD-81,4322 1st Drive,966-970-3533
929,Vagram,dfontps@tumblr.com,Female,F4-30-6A-91-F3-B0,9168 Hanson Pass,499-588-0189
930,Y-find,segglestonept@un.org,Female,30-76-CC-13-6A-5C,7284 Arrowood Parkway,681-917-9213
931,Tin,rlewerpu@wisc.edu,Female,24-1D-F3-0F-D4-DB,7107 Hauk Junction,490-337-0676
932,Sub-Ex,jdeavinpv@sfgate.com,Female,B4-CA-D9-54-06-69,72 Clyde Gallagher Road,155-762-3502
933,Regrant,aroadpw@theglobeandmail.com,Female,E7-FD-16-CE-AD-66,312 Mcguire Place,600-387-7267
934,Y-Solowarm,sosheilspx@webeden.co.uk,Male,30-F0-44-C0-6C-3F,70792 Thompson Court,175-886-2542
935,Latlux,nclohissypy@moonfruit.com,Male,6F-EA-6C-E7-7D-BF,230 Melrose Avenue,418-457-1543
936,Ronstring,aspellacypz@intel.com,Male,79-A2-55-18-8C-78,904 Main Drive,273-838-4515
937,Job,ctuxellq0@ehow.com,Female,16-54-69-6C-04-F9,5 Coolidge Avenue,447-992-5762
938,Tin,eglennardq1@abc.net.au,Male,A4-1A-4E-CF-1F-58,86628 Duke Way,998-966-8711
939,Bigtax,jlovelandq2@weebly.com,Male,C9-DD-42-A9-00-88,09016 Del Sol Pass,498-185-3712
940,Temp,chuthartq3@cisco.com,Male,6E-EC-35-3D-DE-BE,1 Oakridge Drive,863-725-0363
941,Zamit,jpettusq4@digg.com,Female,61-CE-C7-3F-F1-44,1 John Wall Junction,475-709-7768
942,Domainer,cbealq5@fda.gov,Female,22-95-77-BD-74-52,7 Daystar Center,343-405-0889
943,Tin,wcastlemanq6@cafepress.com,Female,F0-0C-E5-86-FF-91,35341 Delladonna Pass,659-399-9069
944,Bytecard,yrohmerq7@parallels.com,Male,42-11-06-CA-62-F4,10797 Loomis Parkway,745-418-1684
945,Lotlux,gfauntq8@wikia.com,Female,99-FF-C9-37-7B-1E,527 Pond Road,260-973-0593
946,Bitchip,mwinridgeq9@icio.us,Male,57-FC-B2-A5-B3-4D,59403 Pearson Drive,356-767-5277
947,Stringtough,bleavesleyqa@elpais.com,Female,09-F7-77-F5-09-60,0546 Reinke Junction,218-124-9269
948,Y-Solowarm,sitzigqb@bluehost.com,Male,73-C9-0B-77-11-ED,09 Northport Park,521-272-1121
949,Stim,wrixqc@hugedomains.com,Male,81-8A-F5-DF-C5-B3,2 Independence Way,700-128-3088
950,Keylex,sdriversqd@reverbnation.com,Female,96-72-0C-FC-21-CB,6 Autumn Leaf Road,362-426-6080
951,Sonsing,bfairhurstqe@dot.gov,Female,C6-D6-3B-B1-FD-7D,4685 Starling Circle,488-722-6324
952,Veribet,kmcgilvraqf@harvard.edu,Male,A5-84-CB-D7-B7-64,45216 Shelley Hill,521-559-2331
953,Transcof,zskechleyqg@wufoo.com,Male,4B-41-AA-3A-14-1C,8 Elmside Park,456-891-4511
954,Kanlam,vmcramseyqh@t.co,Male,74-C8-05-13-2B-E7,2289 Buena Vista Drive,940-315-9139
955,Y-Solowarm,ekitchingqi@wix.com,Male,27-FA-76-63-82-19,546 Blue Bill Park Drive,907-983-2315
956,Zoolab,mlambertazziqj@printfriendly.com,Female,41-AA-0F-EC-D0-D3,78 Fuller Avenue,430-787-7202
957,Bitchip,acookesqk@abc.net.au,Male,45-5C-E9-9E-72-B6,2232 Sunfield Parkway,335-713-6001
958,Quo Lux,pproshql@ed.gov,Male,C4-3D-17-24-F0-BE,38455 La Follette Hill,574-765-0580
959,Home Ing,jmorewoodqm@arizona.edu,Male,25-56-33-6C-69-1B,58109 Everett Circle,953-419-9751
960,Sonair,pheinekingqn@hostgator.com,Female,9A-2A-4A-E6-FE-A4,5271 Union Parkway,100-796-5081
961,Zoolab,cthunnercliffqo@amazon.co.jp,Male,62-F9-EE-27-B0-72,51019 American Ash Hill,159-988-3108
962,Bitchip,hsanzioqp@wordpress.com,Male,55-69-BF-C8-5D-6E,7 International Alley,276-647-7358
963,Tin,cbenianqq@indiatimes.com,Female,CC-16-1F-78-EB-E7,56095 Springview Lane,152-277-4867
964,Y-find,hspadariqr@studiopress.com,Female,9A-02-C6-74-0E-61,531 Green Point,702-479-0131
965,Job,brossboroughqs@ow.ly,Female,7A-81-80-99-2A-9A,5 Hoffman Park,474-802-1561
966,Aerified,lmethuenqt@storify.com,Female,B2-7D-CC-EA-DF-F4,342 Schlimgen Avenue,750-802-1829
967,Treeflex,mmounsiequ@wired.com,Male,AE-71-BF-41-1E-DC,577 Dovetail Point,859-288-2460
968,Andalax,fzylberdikqv@umn.edu,Male,4C-9E-C7-57-83-97,8 Grayhawk Hill,495-749-4920
969,Otcom,telnaughqw@gmpg.org,Male,14-DA-17-24-D3-26,0687 Division Circle,485-474-9570
970,Voltsillam,ymealiffeqx@who.int,Male,58-2A-DA-F4-0C-56,6 Emmet Lane,630-256-0810
971,Mat Lam Tam,rteckqy@canalblog.com,Female,EE-15-E8-E3-55-58,6374 Vernon Crossing,746-421-3025
972,Treeflex,pwaitingqz@nih.gov,Male,64-27-70-01-D6-3B,0 Shopko Drive,452-198-2264
973,Daltfresh,dpillansr0@posterous.com,Female,B2-91-20-19-D5-45,497 Kipling Place,423-826-0544
974,Tampflex,mbickmorer1@zdnet.com,Female,54-1B-AC-0F-58-C6,2040 Miller Drive,860-737-7343
975,Wrapsafe,imerrinr2@vimeo.com,Male,1C-61-6F-86-5B-88,9300 Little Fleur Terrace,304-755-7181
976,Andalax,rrymellr3@artisteer.com,Male,71-70-B8-A8-A1-09,3340 Hudson Street,458-523-2814
977,Tres-Zap,hveelr4@harvard.edu,Female,02-F7-D9-47-BD-86,5 Pennsylvania Center,498-664-9896
978,Fixflex,eolliffr5@examiner.com,Female,37-34-77-DF-7F-54,50695 Carioca Trail,203-229-4021
979,Lotlux,mmacgeffenr6@google.com.au,Male,70-CA-23-C4-83-B4,7023 Schiller Lane,906-711-5798
980,Cookley,dspracklinr7@hhs.gov,Female,23-94-B9-AC-F2-F6,5 Sunnyside Alley,307-592-1043
981,Vagram,uworsfieldr8@yellowpages.com,Female,97-39-54-94-6D-60,27 Lerdahl Point,723-975-0061
982,Prodder,cseabourner9@usa.gov,Female,80-29-92-90-D6-5E,7077 Little Fleur Parkway,514-708-5645
983,Veribet,kbothera@alibaba.com,Female,C1-9D-34-5C-D1-F2,6 Eagle Crest Point,938-267-4314
984,Daltfresh,emaccartanrb@xing.com,Female,71-38-36-8D-03-9C,17447 Pankratz Road,639-157-4913
985,Pannier,dredgroverc@symantec.com,Female,73-23-11-16-E5-F7,902 Artisan Junction,232-204-4027
986,Otcom,mdemitrisrd@wiley.com,Female,CB-CC-A1-76-0A-2D,7 Mitchell Hill,129-458-1941
987,Stim,swickenre@washington.edu,Male,28-C7-35-08-35-B5,59 8th Avenue,396-151-7395
988,Konklux,cashbridgerf@plala.or.jp,Female,29-D3-B3-DD-EA-1C,4 Shoshone Drive,610-746-8607
989,Cookley,dgavinirg@stumbleupon.com,Female,45-73-8F-3B-5E-62,1699 Pleasure Junction,516-469-3393
990,Hatity,vmalserrh@apache.org,Female,71-D5-EB-83-64-56,608 Kennedy Drive,968-248-5544
991,Bigtax,rschachri@rambler.ru,Female,C1-2D-FC-4B-C9-92,63 Sunnyside Way,855-453-7037
992,Bamity,vleelrj@irs.gov,Female,1F-70-BC-97-04-60,9 Crest Line Parkway,448-213-5377
993,Stim,mpetzoltrk@cnet.com,Female,B4-BA-A1-B5-A4-E1,2 Hazelcrest Street,623-694-0165
994,Alpha,jpedlerrl@topsy.com,Female,41-C5-A7-E9-92-80,868 Milwaukee Hill,456-987-0857
995,Regrant,mseebertrm@goo.ne.jp,Male,07-6A-41-0C-0E-6F,2 Scoville Parkway,440-856-8256
996,Flexidy,amcpartlinrn@loc.gov,Female,C5-80-45-A5-51-8C,8661 Lotheville Court,560-831-9409
997,Voyatouch,zchillro@ning.com,Male,35-DF-F9-FE-D8-50,855 Anderson Avenue,534-295-8176
998,Flowdesk,qathelstanrp@squidoo.com,Male,E1-E4-E4-60-D5-8E,03 Dapin Alley,281-450-0542
999,Bytecard,lsibyllarq@parallels.com,Female,1C-FE-AC-9C-F3-17,138 Haas Pass,397-175-3590
1000,Zoolab,hcoccirr@state.gov,Male,E4-5F-88-A3-6E-17,5924 Farmco Circle,190-510-0495